Issuer_Name,Issue_Date,n_CUSIPs,Self_reported_Green,Total_Face_Value,lead_CUSIP,all_CUSIPs,emma_security_details,emma_search,google_site_search
Alexandria Sanitation Authority,2024-06-25,22,Yes,26290000,015343AA4,015343AA4;015343AB2;015343AC0;015343AD8;015343AE6;015343AF3;015343AG1;015343AH9;015343AJ5;015343AK2;015343AL0;015343AM8;015343AN6;015343AP1;015343AQ9;015343AR7;015343AS5;015343AT3;015343AU0;015343AV8;015343AW6;015343AX4,https://emma.msrb.org/Security/Details/015343AA4,https://emma.msrb.org/Search/Search.aspx?criteria=015343AA4,https://www.google.com/search?q=site%3Aemma.msrb.org%20015343AA4%20%22Official%20Statement%22
Board of Water Commissioners City & County of Denver/The,2017-05-23,12,Yes,142665000,24916PFQ5,24916PFQ5;24916PFR3;24916PFS1;24916PFT9;24916PFU6;24916PFV4;24916PFW2;24916PFX0;24916PFY8;24916PFZ5;24916PGA9;24916PGB7,https://emma.msrb.org/Security/Details/24916PFQ5,https://emma.msrb.org/Search/Search.aspx?criteria=24916PFQ5,https://www.google.com/search?q=site%3Aemma.msrb.org%2024916PFQ5%20%22Official%20Statement%22
Buffalo Sewer Authority,2021-06-16,1,Yes,0,119732AT2,119732AT2,https://emma.msrb.org/Security/Details/119732AT2,https://emma.msrb.org/Search/Search.aspx?criteria=119732AT2,https://www.google.com/search?q=site%3Aemma.msrb.org%20119732AT2%20%22Official%20Statement%22
Chula Vista Municipal Financing Authority,2017-12-21,24,No,13130000,17132EBE3,17132EBE3;17132EBF0;17132EBG8;17132EBH6;17132EBJ2;17132EBK9;17132EBL7;17132EBM5;17132EBN3;17132EBP8;17132EBQ6;17132EBS2;17132EBT0;17132EBU7;17132EBV5;17132EBW3;17132EBX1;17132EBY9;17132EBZ6;17132ECA0;17132ECB8;17132ECC6;17132ECD4;17132ECE2,https://emma.msrb.org/Security/Details/17132EBE3,https://emma.msrb.org/Search/Search.aspx?criteria=17132EBE3,https://www.google.com/search?q=site%3Aemma.msrb.org%2017132EBE3%20%22Official%20Statement%22
City & County Honolulu HI Wastewater System Revenue,2022-05-25,17,Yes,123130000,4387012D5,4387012D5;4387012E3;4387012F0;4387012G8;4387012H6;4387012J2;4387012K9;4387012L7;4387012M5;4387012N3;4387012P8;4387012Q6;4387012R4;4387012S2;4387012T0;4387012U7;4387012V5,https://emma.msrb.org/Security/Details/4387012D5,https://emma.msrb.org/Search/Search.aspx?criteria=4387012D5,https://www.google.com/search?q=site%3Aemma.msrb.org%204387012D5%20%22Official%20Statement%22
City & County Honolulu HI Wastewater System Revenue,2023-09-27,16,Yes,88200000,4387013A0,4387013A0;4387013B8;4387013C6;4387013D4;4387013E2;4387013F9;4387013G7;4387013H5;4387013J1;4387013K8;4387013L6;4387013M4;4387013N2;4387013P7;4387013Q5;4387013R3,https://emma.msrb.org/Security/Details/4387013A0,https://emma.msrb.org/Search/Search.aspx?criteria=4387013A0,https://www.google.com/search?q=site%3Aemma.msrb.org%204387013A0%20%22Official%20Statement%22
City & County Honolulu HI Wastewater System Revenue,2024-09-25,8,Yes,287200000,4387014A9,4387014A9;4387014B7;4387014C5;4387014D3;4387014E1;4387014F8;4387014G6;4387014H4,https://emma.msrb.org/Security/Details/4387014A9,https://emma.msrb.org/Search/Search.aspx?criteria=4387014A9,https://www.google.com/search?q=site%3Aemma.msrb.org%204387014A9%20%22Official%20Statement%22
City & County Honolulu HI Wastewater System Revenue,2025-07-24,1,No,11540000,4387015B6,4387015B6,https://emma.msrb.org/Security/Details/4387015B6,https://emma.msrb.org/Search/Search.aspx?criteria=4387015B6,https://www.google.com/search?q=site%3Aemma.msrb.org%204387015B6%20%22Official%20Statement%22
City & County Honolulu HI Wastewater System Revenue,2025-09-24,8,Yes,88230000,4387014W1,4387014W1;4387014X9;4387014Y7;4387014Z4;4387015A8;4387015C4;4387015D2;4387015E0,https://emma.msrb.org/Security/Details/4387014W1,https://emma.msrb.org/Search/Search.aspx?criteria=4387014W1,https://www.google.com/search?q=site%3Aemma.msrb.org%204387014W1%20%22Official%20Statement%22
City & County of Honolulu HI,2016-10-26,18,Yes,143815000,4386705P2,4386705P2;4386705Q0;4386705R8;4386705S6;4386705T4;4386705U1;4386705V9;4386705W7;4386705X5;4386705Y3;4386705Z0;4386706A4;4386706B2;4386706C0;4386706D8;4386706E6;4386706F3;4386706G1,https://emma.msrb.org/Security/Details/4386705P2,https://emma.msrb.org/Search/Search.aspx?criteria=4386705P2,https://www.google.com/search?q=site%3Aemma.msrb.org%204386705P2%20%22Official%20Statement%22
City & County of Honolulu HI,2017-09-14,25,Yes,20060000,438687CN3,438687CN3;438687CP8;438687CQ6;438687CR4;438687CS2;438687CT0;438687CU7;438687CV5;438687CW3;438687CX1;438687CY9;438687CZ6;438687DA0;438687DB8;438687DC6;438687DD4;438687DE2;438687DF9;438687DG7;438687DH5;438687DJ1;438687DK8;438687DL6;438687DM4;438687DN2,https://emma.msrb.org/Security/Details/438687CN3,https://emma.msrb.org/Search/Search.aspx?criteria=438687CN3,https://www.google.com/search?q=site%3Aemma.msrb.org%20438687CN3%20%22Official%20Statement%22
City & County of Honolulu HI,2018-09-05,19,Yes,189785000,438687DW2,438687DW2;438687DX0;438687DY8;438687DZ5;438687EA9;438687EB7;438687EC5;438687ED3;438687EE1;438687EF8;438687EG6;438687EH4;438687EJ0;438687EK7;438687EL5;438687EM3;438687EN1;438687EP6;438687EQ4,https://emma.msrb.org/Security/Details/438687DW2,https://emma.msrb.org/Search/Search.aspx?criteria=438687DW2,https://www.google.com/search?q=site%3Aemma.msrb.org%20438687DW2%20%22Official%20Statement%22
City & County of San Francisco CA,2018-04-03,20,No,76710000,797646W93,797646W93;797646X27;797646X35;797646X43;797646X50;797646X68;797646X76;797646X84;797646X92;797646Y26;797646Y34;797646Y42;797646Y59;797646Y67;797646Y75;797646Y83;797646Y91;797646Z25;797646Z33;797646Z41,https://emma.msrb.org/Security/Details/797646W93,https://emma.msrb.org/Search/Search.aspx?criteria=797646W93,https://www.google.com/search?q=site%3Aemma.msrb.org%20797646W93%20%22Official%20Statement%22
City & County of San Francisco CA,2019-10-23,26,Yes,193825000,79765D2A7,79765D2A7;79765D2B5;79765D2C3;79765D2D1;79765D2E9;79765D2F6;79765D2G4;79765D2H2;79765D2J8;79765D2K5;79765D2L3;79765D2M1;79765D2N9;79765DY53;79765DY61;79765DY79;79765DY87;79765DY95;79765DZ29;79765DZ37;79765DZ45;79765DZ52;79765DZ60;79765DZ78;79765DZ86;79765DZ94,https://emma.msrb.org/Security/Details/79765D2A7,https://emma.msrb.org/Search/Search.aspx?criteria=79765D2A7,https://www.google.com/search?q=site%3Aemma.msrb.org%2079765D2A7%20%22Official%20Statement%22
City & County of San Francisco CA Community Facilities District No 2014-1,2017-11-09,15,Yes,38320000,79772EAT6,79772EAT6;79772EAU3;79772EAV1;79772EAW9;79772EAX7;79772EAY5;79772EAZ2;79772EBA6;79772EBB4;79772EBC2;79772EBD0;79772EBE8;79772EBF5;79772EBG3;79772EBH1,https://emma.msrb.org/Security/Details/79772EAT6,https://emma.msrb.org/Search/Search.aspx?criteria=79772EAT6,https://www.google.com/search?q=site%3Aemma.msrb.org%2079772EAT6%20%22Official%20Statement%22
City & County of San Francisco CA Community Facilities District No 2014-1,2019-02-26,16,Yes,38825000,79772ECA5,79772ECA5;79772ECB3;79772ECC1;79772ECD9;79772ECE7;79772ECF4;79772ECG2;79772ECH0;79772ECJ6;79772ECK3;79772ECL1;79772ECM9;79772ECN7;79772ECP2;79772ECQ0;79772ECR8,https://emma.msrb.org/Security/Details/79772ECA5,https://emma.msrb.org/Search/Search.aspx?criteria=79772ECA5,https://www.google.com/search?q=site%3Aemma.msrb.org%2079772ECA5%20%22Official%20Statement%22
City & County of San Francisco CA Community Facilities District No 2014-1,2020-05-14,15,Yes,23445000,79772ECV9,79772ECV9;79772ECW7;79772ECX5;79772ECY3;79772ECZ0;79772EDA4;79772EDB2;79772EDC0;79772EDD8;79772EDE6;79772EDF3;79772EDG1;79772EDH9;79772EDJ5;79772EDK2,https://emma.msrb.org/Security/Details/79772ECV9,https://emma.msrb.org/Search/Search.aspx?criteria=79772ECV9,https://www.google.com/search?q=site%3Aemma.msrb.org%2079772ECV9%20%22Official%20Statement%22
City & County of San Francisco CA Community Facilities District No 2014-1,2021-11-03,10,Yes,4180000,79772EDP1,79772EDP1;79772EDQ9;79772EDR7;79772EDS5;79772EDT3;79772EDU0;79772EDV8;79772EDW6;79772EDX4;79772EDY2,https://emma.msrb.org/Security/Details/79772EDP1,https://emma.msrb.org/Search/Search.aspx?criteria=79772EDP1,https://www.google.com/search?q=site%3Aemma.msrb.org%2079772EDP1%20%22Official%20Statement%22
City & County of San Francisco CA Community Facilities District No 2014-1,2022-12-15,15,Yes,10960000,79772EEC9,79772EEC9;79772EED7;79772EEE5;79772EEF2;79772EEG0;79772EEH8;79772EEJ4;79772EEK1;79772EEL9;79772EEM7;79772EEN5;79772EEP0;79772EEQ8;79772EER6;79772EES4,https://emma.msrb.org/Security/Details/79772EEC9,https://emma.msrb.org/Search/Search.aspx?criteria=79772EEC9,https://www.google.com/search?q=site%3Aemma.msrb.org%2079772EEC9%20%22Official%20Statement%22
City of Albuquerque NM Refuse Removal & Disposal Revenue,2020-06-30,21,No,40570000,013630DT2,013630DT2;013630DU9;013630DV7;013630DW5;013630DX3;013630DY1;013630DZ8;013630EA2;013630EB0;013630EC8;013630ED6;013630EE4;013630EF1;013630EG9;013630EH7;013630EJ3;013630EK0;013630EL8;013630EM6;013630EN4;013630EP9,https://emma.msrb.org/Security/Details/013630DT2,https://emma.msrb.org/Search/Search.aspx?criteria=013630DT2,https://www.google.com/search?q=site%3Aemma.msrb.org%20013630DT2%20%22Official%20Statement%22
City of Arvada CO Wastewater Revenue,2025-07-09,1,Yes,325000,043257BQ6,043257BQ6,https://emma.msrb.org/Security/Details/043257BQ6,https://emma.msrb.org/Search/Search.aspx?criteria=043257BQ6,https://www.google.com/search?q=site%3Aemma.msrb.org%20043257BQ6%20%22Official%20Statement%22
City of Arvada CO Wastewater Revenue,2025-07-19,2,Yes,910000,043257BT0,043257BT0;043257CA0,https://emma.msrb.org/Security/Details/043257BT0,https://emma.msrb.org/Search/Search.aspx?criteria=043257BT0,https://www.google.com/search?q=site%3Aemma.msrb.org%20043257BT0%20%22Official%20Statement%22
City of Arvada CO Wastewater Revenue,2025-09-07,22,Yes,13320000,043257BG8,043257BG8;043257BH6;043257BJ2;043257BK9;043257BL7;043257BM5;043257BN3;043257BP8;043257BR4;043257BS2;043257BU7;043257BV5;043257BW3;043257BX1;043257BY9;043257BZ6;043257CB8;043257CC6;043257CD4;043257CE2;043257CF9;043257CG7,https://emma.msrb.org/Security/Details/043257BG8,https://emma.msrb.org/Search/Search.aspx?criteria=043257BG8,https://www.google.com/search?q=site%3Aemma.msrb.org%20043257BG8%20%22Official%20Statement%22
City of Arvada CO Water Revenue,2025-07-09,2,Yes,22515000,043260CL0,043260CL0;043260CU0,https://emma.msrb.org/Security/Details/043260CL0,https://emma.msrb.org/Search/Search.aspx?criteria=043260CL0,https://www.google.com/search?q=site%3Aemma.msrb.org%20043260CL0%20%22Official%20Statement%22
City of Arvada CO Water Revenue,2025-07-19,2,Yes,3250000,043260BZ0,043260BZ0;043260CC0,https://emma.msrb.org/Security/Details/043260BZ0,https://emma.msrb.org/Search/Search.aspx?criteria=043260BZ0,https://www.google.com/search?q=site%3Aemma.msrb.org%20043260BZ0%20%22Official%20Statement%22
City of Arvada CO Water Revenue,2025-09-07,19,Yes,59905000,043260BW7,043260BW7;043260BX5;043260BY3;043260CA4;043260CB2;043260CD8;043260CE6;043260CF3;043260CG1;043260CH9;043260CJ5;043260CK2;043260CM8;043260CN6;043260CP1;043260CQ9;043260CR7;043260CS5;043260CT3,https://emma.msrb.org/Security/Details/043260BW7,https://emma.msrb.org/Search/Search.aspx?criteria=043260BW7,https://www.google.com/search?q=site%3Aemma.msrb.org%20043260BW7%20%22Official%20Statement%22
City of Aurora CO Water Revenue,2021-09-09,15,Yes,153010000,051595BQ8,051595BQ8;051595BR6;051595BS4;051595BT2;051595BU9;051595BV7;051595BW5;051595BX3;051595BY1;051595BZ8;051595CA2;051595CB0;051595CC8;051595CD6;051595CE4,https://emma.msrb.org/Security/Details/051595BQ8,https://emma.msrb.org/Search/Search.aspx?criteria=051595BQ8,https://www.google.com/search?q=site%3Aemma.msrb.org%20051595BQ8%20%22Official%20Statement%22
City of Bend OR Sewer Revenue,2020-09-30,19,No,18645000,081647ER6,081647ER6;081647ES4;081647ET2;081647EU9;081647EV7;081647EW5;081647EX3;081647EY1;081647EZ8;081647FA2;081647FB0;081647FC8;081647FD6;081647FE4;081647FF1;081647FG9;081647FH7;081647FJ3;081647FK0,https://emma.msrb.org/Security/Details/081647ER6,https://emma.msrb.org/Search/Search.aspx?criteria=081647ER6,https://www.google.com/search?q=site%3Aemma.msrb.org%20081647ER6%20%22Official%20Statement%22
City of Bloomington IN,2021-12-21,24,No,10770000,094615AA9,094615AA9;094615AB7;094615AC5;094615AD3;094615AE1;094615AF8;094615AG6;094615AH4;094615AJ0;094615AK7;094615AL5;094615AM3;094615AN1;094615AP6;094615AQ4;094615AR2;094615AS0;094615AT8;094615AU5;094615AV3;094615AW1;094615AX9;094615AY7;094615AZ4,https://emma.msrb.org/Security/Details/094615AA9,https://emma.msrb.org/Search/Search.aspx?criteria=094615AA9,https://www.google.com/search?q=site%3Aemma.msrb.org%20094615AA9%20%22Official%20Statement%22
City of Bloomington IN Sewage Works Revenue,2020-12-23,15,Yes,24445000,094725LV8,094725LV8;094725LW6;094725LX4;094725LY2;094725LZ9;094725MA3;094725MB1;094725MC9;094725MD7;094725ME5;094725MF2;094725MG0;094725MH8;094725MJ4;094725MK1,https://emma.msrb.org/Security/Details/094725LV8,https://emma.msrb.org/Search/Search.aspx?criteria=094725LV8,https://www.google.com/search?q=site%3Aemma.msrb.org%20094725LV8%20%22Official%20Statement%22
City of Bloomington IN Sewage Works Revenue,2021-12-21,11,Yes,5705000,094725ML9,094725ML9;094725MM7;094725MN5;094725MP0;094725MQ8;094725MR6;094725MS4;094725MT2;094725MU9;094725MV7;094725MW5,https://emma.msrb.org/Security/Details/094725ML9,https://emma.msrb.org/Search/Search.aspx?criteria=094725ML9,https://www.google.com/search?q=site%3Aemma.msrb.org%20094725ML9%20%22Official%20Statement%22
City of Bloomington IN Waterworks Revenue,2022-06-23,19,Yes,15430000,094743NK3,094743NK3;094743NL1;094743NM9;094743NN7;094743NP2;094743NQ0;094743NR8;094743NS6;094743NT4;094743NU1;094743NV9;094743NW7;094743NX5;094743NY3;094743NZ0;094743PA3;094743PB1;094743PC9;094743PD7,https://emma.msrb.org/Security/Details/094743NK3,https://emma.msrb.org/Search/Search.aspx?criteria=094743NK3,https://www.google.com/search?q=site%3Aemma.msrb.org%20094743NK3%20%22Official%20Statement%22
City of Bloomington MN,2018-12-05,15,Yes,10805000,094780V42,094780V42;094780V59;094780V67;094780V75;094780V83;094780V91;094780W25;094780W33;094780W41;094780W58;094780W66;094780W74;094780W82;094780W90;094780X24,https://emma.msrb.org/Security/Details/094780V42,https://emma.msrb.org/Search/Search.aspx?criteria=094780V42,https://www.google.com/search?q=site%3Aemma.msrb.org%20094780V42%20%22Official%20Statement%22
City of Boise City ID Water Renewal Revenue,2022-06-30,14,No,34365000,09747AAA4,09747AAA4;09747AAB2;09747AAC0;09747AAD8;09747AAE6;09747AAF3;09747AAG1;09747AAH9;09747AAJ5;09747AAK2;09747AAL0;09747AAM8;09747AAN6;09747AAP1,https://emma.msrb.org/Security/Details/09747AAA4,https://emma.msrb.org/Search/Search.aspx?criteria=09747AAA4,https://www.google.com/search?q=site%3Aemma.msrb.org%2009747AAA4%20%22Official%20Statement%22
City of Boulder CO Water & Sewer Revenue,2022-06-01,20,No,41060000,10146HMC7,10146HMC7;10146HMD5;10146HME3;10146HMF0;10146HMG8;10146HMH6;10146HMJ2;10146HMK9;10146HML7;10146HMM5;10146HMN3;10146HMP8;10146HMQ6;10146HMR4;10146HMS2;10146HMT0;10146HMU7;10146HMV5;10146HMW3;10146HMX1,https://emma.msrb.org/Security/Details/10146HMC7,https://emma.msrb.org/Search/Search.aspx?criteria=10146HMC7,https://www.google.com/search?q=site%3Aemma.msrb.org%2010146HMC7%20%22Official%20Statement%22
City of Decatur IL,2016-11-09,20,Yes,22205000,243127VC8,243127VC8;243127VD6;243127VE4;243127VF1;243127VG9;243127VH7;243127VJ3;243127VK0;243127VL8;243127VM6;243127VN4;243127VP9;243127VQ7;243127VR5;243127VS3;243127VT1;243127VU8;243127VV6;243127VW4;243127VX2,https://emma.msrb.org/Security/Details/243127VC8,https://emma.msrb.org/Search/Search.aspx?criteria=243127VC8,https://www.google.com/search?q=site%3Aemma.msrb.org%20243127VC8%20%22Official%20Statement%22
City of Decatur IL,2022-04-28,14,Yes,15210000,243127XR3,243127XR3;243127XS1;243127XT9;243127XU6;243127XV4;243127XW2;243127XX0;243127XY8;243127XZ5;243127YA9;243127YB7;243127YC5;243127YD3;243127YE1,https://emma.msrb.org/Security/Details/243127XR3,https://emma.msrb.org/Search/Search.aspx?criteria=243127XR3,https://www.google.com/search?q=site%3Aemma.msrb.org%20243127XR3%20%22Official%20Statement%22
City of Elkhart IN Sewage Works Revenue,2021-07-29,18,Yes,5445000,287605FJ3,287605FJ3;287605FK0;287605FL8;287605FM6;287605FN4;287605FP9;287605FQ7;287605FR5;287605FS3;287605FT1;287605FU8;287605FV6;287605FW4;287605FX2;287605FY0;287605FZ7;287605GA1;287605GB9,https://emma.msrb.org/Security/Details/287605FJ3,https://emma.msrb.org/Search/Search.aspx?criteria=287605FJ3,https://www.google.com/search?q=site%3Aemma.msrb.org%20287605FJ3%20%22Official%20Statement%22
City of Fort Wayne IN Sewage Works Revenue,2022-05-25,24,Yes,25000000,349298SR1,349298SR1;349298SS9;349298ST7;349298SU4;349298SV2;349298SW0;349298SX8;349298SY6;349298SZ3;349298TA7;349298TB5;349298TD1;349298TF6;349298TH2;349298TK5;349298TN9;349298TQ2;349298TS8;349298TT6;349298TU3;349298TV1;349298TW9;349298TX7;349298TY5,https://emma.msrb.org/Security/Details/349298SR1,https://emma.msrb.org/Search/Search.aspx?criteria=349298SR1,https://www.google.com/search?q=site%3Aemma.msrb.org%20349298SR1%20%22Official%20Statement%22
City of Gresham OR,2013-07-30,10,No,3730000,397730RA2,397730RA2;397730RB0;397730RC8;397730RD6;397730RE4;397730RF1;397730RG9;397730RH7;397730RJ3;397730RK0,https://emma.msrb.org/Security/Details/397730RA2,https://emma.msrb.org/Search/Search.aspx?criteria=397730RA2,https://www.google.com/search?q=site%3Aemma.msrb.org%20397730RA2%20%22Official%20Statement%22
City of Hampton VA,2020-12-02,20,Yes,10725000,4095587K3,4095587K3;4095587L1;4095587M9;4095587N7;4095587P2;4095587Q0;4095587R8;4095587S6;4095587T4;4095587U1;4095587V9;4095587W7;4095587X5;4095587Y3;4095587Z0;4095588A4;4095588B2;4095588C0;4095588D8;4095588E6,https://emma.msrb.org/Security/Details/4095587K3,https://emma.msrb.org/Search/Search.aspx?criteria=4095587K3,https://www.google.com/search?q=site%3Aemma.msrb.org%204095587K3%20%22Official%20Statement%22
City of Joliet IL Waterworks & Sewerage Revenue,2025-02-04,8,Yes,45455000,479790KK2,479790KK2;479790KL0;479790KN6;479790KQ9;479790KR7;479790KU0;479790KV8;479790KW6,https://emma.msrb.org/Security/Details/479790KK2,https://emma.msrb.org/Search/Search.aspx?criteria=479790KK2,https://www.google.com/search?q=site%3Aemma.msrb.org%20479790KK2%20%22Official%20Statement%22
City of Joliet IL Waterworks & Sewerage Revenue,2025-04-12,4,Yes,22070000,479790KM8,479790KM8;479790KP1;479790KS5;479790KT3,https://emma.msrb.org/Security/Details/479790KM8,https://emma.msrb.org/Search/Search.aspx?criteria=479790KM8,https://www.google.com/search?q=site%3Aemma.msrb.org%20479790KM8%20%22Official%20Statement%22
City of Little Rock AR Water Reclamation System Revenue,2020-12-03,13,Yes,22850000,53746QAV2,53746QAV2;53746QAW0;53746QAX8;53746QAY6;53746QAZ3;53746QBA7;53746QBB5;53746QBC3;53746QBD1;53746QBE9;53746QBF6;53746QBG4;53746QBH2,https://emma.msrb.org/Security/Details/53746QAV2,https://emma.msrb.org/Search/Search.aspx?criteria=53746QAV2,https://www.google.com/search?q=site%3Aemma.msrb.org%2053746QAV2%20%22Official%20Statement%22
City of Los Angeles CA Wastewater System Revenue,2015-06-30,8,Yes,37845000,53945CCZ1,53945CCZ1;53945CDA5;53945CDB3;53945CDC1;53945CDD9;53945CDE7;53945CDF4;53945CDG2,https://emma.msrb.org/Security/Details/53945CCZ1,https://emma.msrb.org/Search/Search.aspx?criteria=53945CCZ1,https://www.google.com/search?q=site%3Aemma.msrb.org%2053945CCZ1%20%22Official%20Statement%22
City of Los Angeles CA Wastewater System Revenue,2017-05-24,41,Yes,286925000,53945CFQ8,53945CFQ8;53945CFR6;53945CFS4;53945CFT2;53945CFU9;53945CFV7;53945CFW5;53945CFX3;53945CFY1;53945CFZ8;53945CGA2;53945CGB0;53945CGC8;53945CGD6;53945CGE4;53945CGF1;53945CGG9;53945CGH7;53945CGJ3;53945CGK0;53945CGL8;53945CGM6;53945CGN4;53945CGP9;53945CGQ7;53945CGR5;53945CGU8;53945CGV6;53945CGW4;53945CGX2;53945CGY0;53945CGZ7;53945CHA1;53945CHB9;53945CHC7;53945CHD5;53945CHE3;53945CHF0;53945CHG8;53945CHH6;53945CHJ2,https://emma.msrb.org/Security/Details/53945CFQ8,https://emma.msrb.org/Search/Search.aspx?criteria=53945CFQ8,https://www.google.com/search?q=site%3Aemma.msrb.org%2053945CFQ8%20%22Official%20Statement%22
City of Los Angeles CA Wastewater System Revenue,2018-11-15,19,Yes,94310000,53945CJC5,53945CJC5;53945CJD3;53945CJE1;53945CJF8;53945CJG6;53945CJH4;53945CJJ0;53945CJK7;53945CJL5;53945CJM3;53945CJN1;53945CJP6;53945CJQ4;53945CJR2;53945CJS0;53945CJT8;53945CJU5;53945CJV3;53945CJW1,https://emma.msrb.org/Security/Details/53945CJC5,https://emma.msrb.org/Search/Search.aspx?criteria=53945CJC5,https://www.google.com/search?q=site%3Aemma.msrb.org%2053945CJC5%20%22Official%20Statement%22
City of Los Angeles CA Wastewater System Revenue,2022-04-19,2,Yes,12875000,53945CKV1,53945CKV1;53945CKW9,https://emma.msrb.org/Security/Details/53945CKV1,https://emma.msrb.org/Search/Search.aspx?criteria=53945CKV1,https://www.google.com/search?q=site%3Aemma.msrb.org%2053945CKV1%20%22Official%20Statement%22
City of Los Angeles CA Wastewater System Revenue,2023-09-13,1,No,280000000,54466DAA3,54466DAA3,https://emma.msrb.org/Security/Details/54466DAA3,https://emma.msrb.org/Search/Search.aspx?criteria=54466DAA3,https://www.google.com/search?q=site%3Aemma.msrb.org%2054466DAA3%20%22Official%20Statement%22
City of Los Angeles Department of Airports,,8,Yes,263705000,5444452H1,5444452H1;5444452J7;5444452L2;5444452P3;5444452U2;5444452W8;5444452Y4;5444455R6,https://emma.msrb.org/Security/Details/5444452H1,https://emma.msrb.org/Search/Search.aspx?criteria=5444452H1,https://www.google.com/search?q=site%3Aemma.msrb.org%205444452H1%20%22Official%20Statement%22
City of Los Angeles Department of Airports,2022-08-24,1,Yes,20115000,54444SB32,54444SB32,https://emma.msrb.org/Security/Details/54444SB32,https://emma.msrb.org/Search/Search.aspx?criteria=54444SB32,https://www.google.com/search?q=site%3Aemma.msrb.org%2054444SB32%20%22Official%20Statement%22
City of Los Angeles Department of Airports,2023-04-11,20,Yes,221800000,544445W39,544445W39;544445W47;544445W54;544445W62;544445W70;544445W88;544445W96;544445X20;544445X38;544445X46;544445X53;544445X61;544445X79;544445X87;544445X95;544445Y29;544445Y37;544445Y45;544445Y52;544445Y60,https://emma.msrb.org/Security/Details/544445W39,https://emma.msrb.org/Search/Search.aspx?criteria=544445W39,https://www.google.com/search?q=site%3Aemma.msrb.org%20544445W39%20%22Official%20Statement%22
City of Los Angeles Department of Airports,2025-01-27,1,Yes,4565000,5444452M0,5444452M0,https://emma.msrb.org/Security/Details/5444452M0,https://emma.msrb.org/Search/Search.aspx?criteria=5444452M0,https://www.google.com/search?q=site%3Aemma.msrb.org%205444452M0%20%22Official%20Statement%22
City of Los Angeles Department of Airports,2025-03-04,5,Yes,171040000,5444452F5,5444452F5;5444452K4;5444452N8;5444452S7;5444452V0,https://emma.msrb.org/Security/Details/5444452F5,https://emma.msrb.org/Search/Search.aspx?criteria=5444452F5,https://www.google.com/search?q=site%3Aemma.msrb.org%205444452F5%20%22Official%20Statement%22
City of Los Angeles Department of Airports,2025-04-03,2,Yes,78995000,5444453A5,5444453A5;5444455X3,https://emma.msrb.org/Security/Details/5444453A5,https://emma.msrb.org/Search/Search.aspx?criteria=5444453A5,https://www.google.com/search?q=site%3Aemma.msrb.org%205444453A5%20%22Official%20Statement%22
City of Los Angeles Department of Airports,2025-04-10,2,Yes,85800000,5444452X6,5444452X6;5444452Z1,https://emma.msrb.org/Security/Details/5444452X6,https://emma.msrb.org/Search/Search.aspx?criteria=5444452X6,https://www.google.com/search?q=site%3Aemma.msrb.org%205444452X6%20%22Official%20Statement%22
City of Los Angeles Department of Airports,2025-04-21,1,Yes,46605000,5444456F1,5444456F1,https://emma.msrb.org/Security/Details/5444456F1,https://emma.msrb.org/Search/Search.aspx?criteria=5444456F1,https://www.google.com/search?q=site%3Aemma.msrb.org%205444456F1%20%22Official%20Statement%22
City of Los Angeles Department of Airports,2025-04-22,12,Yes,411580000,5444455P0,5444455P0;5444455T2;5444455U9;5444455V7;5444455W5;5444455Y1;5444455Z8;5444456A2;5444456B0;5444456D6;5444456E4;5444456G9,https://emma.msrb.org/Security/Details/5444455P0,https://emma.msrb.org/Search/Search.aspx?criteria=5444455P0,https://www.google.com/search?q=site%3Aemma.msrb.org%205444455P0%20%22Official%20Statement%22
City of Los Angeles Department of Airports,2025-04-27,1,Yes,25000000,5444452T5,5444452T5,https://emma.msrb.org/Security/Details/5444452T5,https://emma.msrb.org/Search/Search.aspx?criteria=5444452T5,https://www.google.com/search?q=site%3Aemma.msrb.org%205444452T5%20%22Official%20Statement%22
City of Los Angeles Department of Airports,2025-05-29,1,Yes,20335000,5444455N5,5444455N5,https://emma.msrb.org/Security/Details/5444455N5,https://emma.msrb.org/Search/Search.aspx?criteria=5444455N5,https://www.google.com/search?q=site%3Aemma.msrb.org%205444455N5%20%22Official%20Statement%22
City of Los Angeles Department of Airports,2025-08-03,1,Yes,21770000,5444452G3,5444452G3,https://emma.msrb.org/Security/Details/5444452G3,https://emma.msrb.org/Search/Search.aspx?criteria=5444452G3,https://www.google.com/search?q=site%3Aemma.msrb.org%205444452G3%20%22Official%20Statement%22
City of Los Angeles Department of Airports,2025-09-22,2,Yes,66190000,5444452R9,5444452R9;5444455S4,https://emma.msrb.org/Security/Details/5444452R9,https://emma.msrb.org/Search/Search.aspx?criteria=5444452R9,https://www.google.com/search?q=site%3Aemma.msrb.org%205444452R9%20%22Official%20Statement%22
City of Los Angeles Department of Airports,2025-09-25,1,Yes,40260000,5444456C8,5444456C8,https://emma.msrb.org/Security/Details/5444456C8,https://emma.msrb.org/Search/Search.aspx?criteria=5444456C8,https://www.google.com/search?q=site%3Aemma.msrb.org%205444456C8%20%22Official%20Statement%22
City of Los Angeles Department of Airports,2025-10-22,1,Yes,22420000,5444455Q8,5444455Q8,https://emma.msrb.org/Security/Details/5444455Q8,https://emma.msrb.org/Search/Search.aspx?criteria=5444455Q8,https://www.google.com/search?q=site%3Aemma.msrb.org%205444455Q8%20%22Official%20Statement%22
City of Los Angeles Department of Airports,2025-11-07,1,Yes,39505000,5444452Q1,5444452Q1,https://emma.msrb.org/Security/Details/5444452Q1,https://emma.msrb.org/Search/Search.aspx?criteria=5444452Q1,https://www.google.com/search?q=site%3Aemma.msrb.org%205444452Q1%20%22Official%20Statement%22
City of Madison WI,2023-10-26,10,Yes,42055000,55844RYF5,55844RYF5;55844RYG3;55844RYH1;55844RYJ7;55844RYK4;55844RYL2;55844RYM0;55844RYN8;55844RYP3;55844RYQ1,https://emma.msrb.org/Security/Details/55844RYF5,https://emma.msrb.org/Search/Search.aspx?criteria=55844RYF5,https://www.google.com/search?q=site%3Aemma.msrb.org%2055844RYF5%20%22Official%20Statement%22
City of Madison WI,2024-09-05,15,Yes,18205000,55844RA79,55844RA79;55844RA87;55844RA95;55844RB29;55844RB37;55844RB45;55844RB52;55844RB60;55844RB78;55844RB86;55844RB94;55844RC28;55844RC36;55844RC44;55844RC93,https://emma.msrb.org/Security/Details/55844RA79,https://emma.msrb.org/Search/Search.aspx?criteria=55844RA79,https://www.google.com/search?q=site%3Aemma.msrb.org%2055844RA79%20%22Official%20Statement%22
City of Malden MA,2018-11-28,16,No,7180000,561076R28,561076R28;561076R36;561076R44;561076R51;561076R69;561076R77;561076R85;561076R93;561076S27;561076S35;561076S43;561076S50;561076S68;561076S76;561076S84;561076S92,https://emma.msrb.org/Security/Details/561076R28,https://emma.msrb.org/Search/Search.aspx?criteria=561076R28,https://www.google.com/search?q=site%3Aemma.msrb.org%20561076R28%20%22Official%20Statement%22
City of Manchester NH Sewer Revenue,2024-06-01,10,Yes,23900000,562361AP0,562361AP0;562361AR6;562361AS4;562361AU9;562361AW5;562361AY1;562361BA2;562361BJ3;562361BL8;562361BM6,https://emma.msrb.org/Security/Details/562361AP0,https://emma.msrb.org/Search/Search.aspx?criteria=562361AP0,https://www.google.com/search?q=site%3Aemma.msrb.org%20562361AP0%20%22Official%20Statement%22
City of Manchester NH Sewer Revenue,2024-10-30,14,Yes,40700000,562361AQ8,562361AQ8;562361AT2;562361AV7;562361AX3;562361AZ8;562361BB0;562361BC8;562361BD6;562361BE4;562361BF1;562361BG9;562361BH7;562361BK0;562361BN4,https://emma.msrb.org/Security/Details/562361AQ8,https://emma.msrb.org/Search/Search.aspx?criteria=562361AQ8,https://www.google.com/search?q=site%3Aemma.msrb.org%20562361AQ8%20%22Official%20Statement%22
City of Minneapolis MN,2018-10-31,22,Yes,72640000,60375BDZ6,60375BDZ6;60375BEA0;60375BEB8;60375BEC6;60375BED4;60375BEE2;60375BEF9;60375BEG7;60375BEH5;60375BEJ1;60375BEK8;60375BEL6;60375BEM4;60375BEN2;60375BEP7;60375BEQ5;60375BER3;60375BES1;60375BET9;60375BEU6;60375BEV4;60375BEW2,https://emma.msrb.org/Security/Details/60375BDZ6,https://emma.msrb.org/Search/Search.aspx?criteria=60375BDZ6,https://www.google.com/search?q=site%3Aemma.msrb.org%2060375BDZ6%20%22Official%20Statement%22
City of Minneapolis MN,2019-12-05,25,Yes,114400000,60375BGP5,60375BGP5;60375BGQ3;60375BGR1;60375BGS9;60375BGT7;60375BGU4;60375BGV2;60375BGW0;60375BGX8;60375BGY6;60375BGZ3;60375BHA7;60375BHB5;60375BHC3;60375BHD1;60375BHE9;60375BHF6;60375BHG4;60375BHH2;60375BHJ8;60375BHK5;60375BHL3;60375BHM1;60375BHN9;60375BHP4,https://emma.msrb.org/Security/Details/60375BGP5,https://emma.msrb.org/Search/Search.aspx?criteria=60375BGP5,https://www.google.com/search?q=site%3Aemma.msrb.org%2060375BGP5%20%22Official%20Statement%22
City of Mishawaka IN Sewage Works Revenue,2023-05-25,27,Yes,33775000,604832PW9,604832PW9;604832PX7;604832PY5;604832PZ2;604832QA6;604832QB4;604832QC2;604832QD0;604832QE8;604832QF5;604832QG3;604832QH1;604832QJ7;604832QK4;604832QL2;604832QM0;604832QN8;604832QQ1;604832QS7;604832QU2;604832QW8;604832QY4;604832RA5;604832RC1;604832RE7;604832RG2;604832RH0,https://emma.msrb.org/Security/Details/604832PW9,https://emma.msrb.org/Search/Search.aspx?criteria=604832PW9,https://www.google.com/search?q=site%3Aemma.msrb.org%20604832PW9%20%22Official%20Statement%22
City of Mishawaka IN Waterworks Revenue,2021-05-19,31,Yes,51600000,604841DU7,604841DU7;604841DV5;604841DW3;604841DX1;604841DY9;604841DZ6;604841EA0;604841EB8;604841EC6;604841ED4;604841EE2;604841EF9;604841EG7;604841EH5;604841EJ1;604841EK8;604841EL6;604841EM4;604841EN2;604841EQ5;604841ES1;604841EU6;604841EW2;604841EY8;604841FA9;604841FE1;604841FF8;604841FG6;604841FH4;604841FJ0;604841FK7,https://emma.msrb.org/Security/Details/604841DU7,https://emma.msrb.org/Search/Search.aspx?criteria=604841DU7,https://www.google.com/search?q=site%3Aemma.msrb.org%20604841DU7%20%22Official%20Statement%22
City of Napa CA Solid Waste Revenue,2016-10-20,9,Yes,5195000,630337AE3,630337AE3;630337AF0;630337AG8;630337AH6;630337AJ2;630337AK9;630337AL7;630337AM5;630337AN3,https://emma.msrb.org/Security/Details/630337AE3,https://emma.msrb.org/Search/Search.aspx?criteria=630337AE3,https://www.google.com/search?q=site%3Aemma.msrb.org%20630337AE3%20%22Official%20Statement%22
City of Norfolk VA,2013-11-07,1,No,2470000,655867SG5,655867SG5,https://emma.msrb.org/Security/Details/655867SG5,https://emma.msrb.org/Search/Search.aspx?criteria=655867SG5,https://www.google.com/search?q=site%3Aemma.msrb.org%20655867SG5%20%22Official%20Statement%22
City of Olathe KS Water & Sewer System Revenue,2023-07-01,3,No,805000,679468F37,679468F37;679468G93;679468H27,https://emma.msrb.org/Security/Details/679468F37,https://emma.msrb.org/Search/Search.aspx?criteria=679468F37,https://www.google.com/search?q=site%3Aemma.msrb.org%20679468F37%20%22Official%20Statement%22
City of Olathe KS Water & Sewer System Revenue,2023-07-11,17,No,4475000,679468F45,679468F45;679468F52;679468F60;679468F78;679468F86;679468F94;679468G28;679468G36;679468G44;679468G51;679468G69;679468G77;679468G85;679468H35;679468H43;679468H50;679468H68,https://emma.msrb.org/Security/Details/679468F45,https://emma.msrb.org/Search/Search.aspx?criteria=679468F45,https://www.google.com/search?q=site%3Aemma.msrb.org%20679468F45%20%22Official%20Statement%22
City of Oshkosh WI Storm Water Utility Revenue,2022-07-07,18,No,7445000,68825RLR9,68825RLR9;68825RLS7;68825RLT5;68825RLU2;68825RLV0;68825RLW8;68825RLX6;68825RLY4;68825RLZ1;68825RMA5;68825RMB3;68825RMC1;68825RMF4;68825RMG2;68825RMH0;68825RMJ6;68825RMK3;68825RML1,https://emma.msrb.org/Security/Details/68825RLR9,https://emma.msrb.org/Search/Search.aspx?criteria=68825RLR9,https://www.google.com/search?q=site%3Aemma.msrb.org%2068825RLR9%20%22Official%20Statement%22
City of Oshkosh WI Storm Water Utility Revenue,2023-05-01,1,No,80000,68825RMM9,68825RMM9,https://emma.msrb.org/Security/Details/68825RMM9,https://emma.msrb.org/Search/Search.aspx?criteria=68825RMM9,https://www.google.com/search?q=site%3Aemma.msrb.org%2068825RMM9%20%22Official%20Statement%22
City of Oshkosh WI Storm Water Utility Revenue,2023-06-22,17,No,4825000,68825RMN7,68825RMN7;68825RMP2;68825RMQ0;68825RMR8;68825RMS6;68825RMT4;68825RMU1;68825RMV9;68825RMW7;68825RMX5;68825RMY3;68825RMZ0;68825RNA4;68825RNB2;68825RNE6;68825RNF3;68825RNG1,https://emma.msrb.org/Security/Details/68825RMN7,https://emma.msrb.org/Search/Search.aspx?criteria=68825RMN7,https://www.google.com/search?q=site%3Aemma.msrb.org%2068825RMN7%20%22Official%20Statement%22
City of Portland ME General Airport Revenue,2019-12-05,30,Yes,58450000,736564DW2,736564DW2;736564DX0;736564DY8;736564DZ5;736564EA9;736564EB7;736564EC5;736564ED3;736564EE1;736564EF8;736564EG6;736564EH4;736564EJ0;736564EK7;736564EL5;736564EM3;736564EN1;736564EP6;736564EQ4;736564ER2;736564ES0;736564ET8;736564EU5;736564EV3;736564EW1;736564EX9;736564EY7;736564EZ4;736564FA8;736564FB6,https://emma.msrb.org/Security/Details/736564DW2,https://emma.msrb.org/Search/Search.aspx?criteria=736564DW2,https://www.google.com/search?q=site%3Aemma.msrb.org%20736564DW2%20%22Official%20Statement%22
City of Portland OR,2016-11-29,10,Yes,16220000,736740PX3,736740PX3;736740PY1;736740PZ8;736740QA2;736740QB0;736740QC8;736740QD6;736740QE4;736740QF1;736740QG9,https://emma.msrb.org/Security/Details/736740PX3,https://emma.msrb.org/Search/Search.aspx?criteria=736740PX3,https://www.google.com/search?q=site%3Aemma.msrb.org%20736740PX3%20%22Official%20Statement%22
City of Portland OR Water System Revenue,2016-12-15,25,No,168525000,736754N57,736754N57;736754NQ1;736754NR9;736754NT5;736754NU2;736754NV0;736754NW8;736754NX6;736754NY4;736754NZ1;736754PA4;736754PB2;736754PC0;736754PD8;736754PE6;736754PF3;736754PG1;736754PH9;736754PJ5;736754PK2;736754PL0;736754PM8;736754PN6;736754PP1;736754PQ9,https://emma.msrb.org/Security/Details/736754N57,https://emma.msrb.org/Search/Search.aspx?criteria=736754N57,https://www.google.com/search?q=site%3Aemma.msrb.org%20736754N57%20%22Official%20Statement%22
City of Portland OR Water System Revenue,2022-04-07,15,No,42645000,736754SE3,736754SE3;736754SF0;736754SG8;736754SH6;736754SJ2;736754SK9;736754SL7;736754SM5;736754SN3;736754SP8;736754SQ6;736754SR4;736754SS2;736754ST0;736754SU7,https://emma.msrb.org/Security/Details/736754SE3,https://emma.msrb.org/Search/Search.aspx?criteria=736754SE3,https://www.google.com/search?q=site%3Aemma.msrb.org%20736754SE3%20%22Official%20Statement%22
City of Renton WA,2013-07-01,1,No,3200000,760133SZ2,760133SZ2,https://emma.msrb.org/Security/Details/760133SZ2,https://emma.msrb.org/Search/Search.aspx?criteria=760133SZ2,https://www.google.com/search?q=site%3Aemma.msrb.org%20760133SZ2%20%22Official%20Statement%22
City of San Francisco CA Public Utilities Commission Water Revenue,,1,Yes,3275000,79771FGL5,79771FGL5,https://emma.msrb.org/Security/Details/79771FGL5,https://emma.msrb.org/Search/Search.aspx?criteria=79771FGL5,https://www.google.com/search?q=site%3Aemma.msrb.org%2079771FGL5%20%22Official%20Statement%22
City of San Francisco CA Public Utilities Commission Water Revenue,2016-12-14,20,Yes,140090000,79765RM89,79765RM89;79765RM97;79765RN21;79765RN39;79765RN47;79765RN54;79765RN62;79765RN70;79765RN88;79765RN96;79765RP29;79765RP37;79765RP45;79765RP52;79765RP60;79765RP78;79765RP86;79765RP94;79765RQ28;79765RQ36,https://emma.msrb.org/Security/Details/79765RM89,https://emma.msrb.org/Search/Search.aspx?criteria=79765RM89,https://www.google.com/search?q=site%3Aemma.msrb.org%2079765RM89%20%22Official%20Statement%22
City of San Francisco CA Public Utilities Commission Water Revenue,2017-12-13,21,Yes,84300000,79765RQ69,79765RQ69;79765RQ77;79765RQ85;79765RQ93;79765RR27;79765RR35;79765RR43;79765RR50;79765RR68;79765RR76;79765RR84;79765RR92;79765RS26;79765RS34;79765RS42;79765RS59;79765RS67;79765RS75;79765RS83;79765RS91;79765RT25,https://emma.msrb.org/Security/Details/79765RQ69,https://emma.msrb.org/Search/Search.aspx?criteria=79765RQ69,https://www.google.com/search?q=site%3Aemma.msrb.org%2079765RQ69%20%22Official%20Statement%22
City of San Francisco CA Public Utilities Commission Water Revenue,2017-12-28,27,Yes,384585000,79765R2A6,79765R2A6;79765R2B4;79765R2C2;79765R2D0;79765R2E8;79765R2F5;79765R2G3;79765R2H1;79765R2J7;79765R2K4;79765R2L2;79765R2M0;79765R2N8;79765R2P3;79765R2Q1;79765R2R9;79765R2S7;79765R3Q0;79765R3R8;79765R3S6;79765R3T4;79765R3U1;79765R3V9;79765R3W7;79765RZ77;79765RZ85;79765RZ93,https://emma.msrb.org/Security/Details/79765R2A6,https://emma.msrb.org/Search/Search.aspx?criteria=79765R2A6,https://www.google.com/search?q=site%3Aemma.msrb.org%2079765R2A6%20%22Official%20Statement%22
City of San Francisco CA Public Utilities Commission Water Revenue,2020-01-09,21,Yes,105580000,79765R4K2,79765R4K2;79765R4L0;79765R4M8;79765R4N6;79765R4P1;79765R4Q9;79765R4R7;79765R4U0;79765R4V8;79765R4W6;79765R4X4;79765R4Y2;79771FEV5;79771FEW3;79771FEX1;79771FEY9;79771FEZ6;79771FFA0;79771FFB8;79771FFC6;79771FFD4,https://emma.msrb.org/Security/Details/79765R4K2,https://emma.msrb.org/Search/Search.aspx?criteria=79765R4K2,https://www.google.com/search?q=site%3Aemma.msrb.org%2079765R4K2%20%22Official%20Statement%22
City of San Francisco CA Public Utilities Commission Water Revenue,2020-10-21,2,Yes,341435000,79771FAA5,79771FAA5;79771FAB3,https://emma.msrb.org/Security/Details/79771FAA5,https://emma.msrb.org/Search/Search.aspx?criteria=79771FAA5,https://www.google.com/search?q=site%3Aemma.msrb.org%2079771FAA5%20%22Official%20Statement%22
City of San Francisco CA Public Utilities Commission Water Revenue,2023-07-27,32,No,202485000,79771FCC9,79771FCC9;79771FCD7;79771FCE5;79771FCF2;79771FCG0;79771FCH8;79771FCJ4;79771FCK1;79771FCL9;79771FCM7;79771FCN5;79771FCP0;79771FCQ8;79771FCR6;79771FCS4;79771FCT2;79771FCW5;79771FCX3;79771FCY1;79771FCZ8;79771FDA2;79771FDB0;79771FDC8;79771FDD6;79771FDE4;79771FDF1;79771FDG9;79771FDH7;79771FDJ3;79771FDK0;79771FDL8;79771FDM6,https://emma.msrb.org/Security/Details/79771FCC9,https://emma.msrb.org/Search/Search.aspx?criteria=79771FCC9,https://www.google.com/search?q=site%3Aemma.msrb.org%2079771FCC9%20%22Official%20Statement%22
City of San Francisco CA Public Utilities Commission Water Revenue,2023-08-10,20,Yes,486875000,79771FDQ7,79771FDQ7;79771FDR5;79771FDS3;79771FDT1;79771FDU8;79771FDV6;79771FDW4;79771FDX2;79771FDY0;79771FDZ7;79771FEA1;79771FEB9;79771FEC7;79771FED5;79771FEE3;79771FEF0;79771FEG8;79771FEH6;79771FEJ2;79771FEK9,https://emma.msrb.org/Security/Details/79771FDQ7,https://emma.msrb.org/Search/Search.aspx?criteria=79771FDQ7,https://www.google.com/search?q=site%3Aemma.msrb.org%2079771FDQ7%20%22Official%20Statement%22
City of San Francisco CA Public Utilities Commission Water Revenue,2025-01-17,2,Yes,6730000,79771FGH4,79771FGH4;79771FGQ4,https://emma.msrb.org/Security/Details/79771FGH4,https://emma.msrb.org/Search/Search.aspx?criteria=79771FGH4,https://www.google.com/search?q=site%3Aemma.msrb.org%2079771FGH4%20%22Official%20Statement%22
City of San Francisco CA Public Utilities Commission Water Revenue,2025-04-11,3,Yes,63180000,79771FGB7,79771FGB7;79771FGE1;79771FGP6,https://emma.msrb.org/Security/Details/79771FGB7,https://emma.msrb.org/Search/Search.aspx?criteria=79771FGB7,https://www.google.com/search?q=site%3Aemma.msrb.org%2079771FGB7%20%22Official%20Statement%22
City of San Francisco CA Public Utilities Commission Water Revenue,2025-04-17,17,Yes,383395000,79771FFR3,79771FFR3;79771FFS1;79771FFT9;79771FFV4;79771FFW2;79771FFX0;79771FFY8;79771FFZ5;79771FGA9;79771FGC5;79771FGD3;79771FGF8;79771FGG6;79771FGJ0;79771FGK7;79771FGM3;79771FGN1,https://emma.msrb.org/Security/Details/79771FFR3,https://emma.msrb.org/Search/Search.aspx?criteria=79771FFR3,https://www.google.com/search?q=site%3Aemma.msrb.org%2079771FFR3%20%22Official%20Statement%22
City of San Francisco CA Public Utilities Commission Water Revenue,2025-04-23,1,Yes,11380000,79771FFU6,79771FFU6,https://emma.msrb.org/Security/Details/79771FFU6,https://emma.msrb.org/Search/Search.aspx?criteria=79771FFU6,https://www.google.com/search?q=site%3Aemma.msrb.org%2079771FFU6%20%22Official%20Statement%22
City of Santa Clara CA Sewer Revenue,2023-10-24,25,Yes,34585000,801517AB9,801517AB9;801517AC7;801517AD5;801517AE3;801517AF0;801517AG8;801517AH6;801517AJ2;801517AK9;801517AL7;801517AM5;801517AN3;801517AP8;801517AQ6;801517AR4;801517AS2;801517AT0;801517AU7;801517AV5;801517AW3;801517AX1;801517AY9;801517AZ6;801517BA0;801517BB8,https://emma.msrb.org/Security/Details/801517AB9,https://emma.msrb.org/Search/Search.aspx?criteria=801517AB9,https://www.google.com/search?q=site%3Aemma.msrb.org%20801517AB9%20%22Official%20Statement%22
City of Spokane WA Water & Wastewater Revenue,2014-12-02,2,Yes,15400000,849103ACO,849103ACO;849103ALO,https://emma.msrb.org/Security/Details/849103ACO,https://emma.msrb.org/Search/Search.aspx?criteria=849103ACO,https://www.google.com/search?q=site%3Aemma.msrb.org%20849103ACO%20%22Official%20Statement%22
City of Springfield OH,2019-03-27,20,Yes,6375000,851103SP7,851103SP7;851103SQ5;851103SR3;851103SS1;851103ST9;851103SU6;851103SV4;851103SW2;851103SX0;851103SY8;851103SZ5;851103TA9;851103TB7;851103TC5;851103TD3;851103TE1;851103TF8;851103TG6;851103TH4;851103TJ0,https://emma.msrb.org/Security/Details/851103SP7,https://emma.msrb.org/Search/Search.aspx?criteria=851103SP7,https://www.google.com/search?q=site%3Aemma.msrb.org%20851103SP7%20%22Official%20Statement%22
City of Tacoma WA Electric System Revenue,2021-09-14,6,Yes,36255000,873519PS5,873519PS5;873519PT3;873519PU0;873519PV8;873519PW6;873519PX4,https://emma.msrb.org/Security/Details/873519PS5,https://emma.msrb.org/Search/Search.aspx?criteria=873519PS5,https://www.google.com/search?q=site%3Aemma.msrb.org%20873519PS5%20%22Official%20Statement%22
City of Tacoma WA Electric System Revenue,2024-02-15,9,Yes,34405000,873519QC9,873519QC9;873519QD7;873519QE5;873519QF2;873519QG0;873519QH8;873519QJ4;873519QK1;873519QL9,https://emma.msrb.org/Security/Details/873519QC9,https://emma.msrb.org/Search/Search.aspx?criteria=873519QC9,https://www.google.com/search?q=site%3Aemma.msrb.org%20873519QC9%20%22Official%20Statement%22
City of Tacoma WA Electric System Revenue,2025-03-07,9,Yes,114535000,873519QX3,873519QX3;873519QY1;873519QZ8;873519RC8;873519RD6;873519RE4;873519RF1;873519RG9;873519RH7,https://emma.msrb.org/Security/Details/873519QX3,https://emma.msrb.org/Search/Search.aspx?criteria=873519QX3,https://www.google.com/search?q=site%3Aemma.msrb.org%20873519QX3%20%22Official%20Statement%22
City of Tacoma WA Regional Water Supply System Revenue,2024-02-14,9,Yes,32350000,87354TCD5,87354TCD5;87354TCE3;87354TCF0;87354TCG8;87354TCH6;87354TCJ2;87354TCK9;87354TCL7;87354TCM5,https://emma.msrb.org/Security/Details/87354TCD5,https://emma.msrb.org/Search/Search.aspx?criteria=87354TCD5,https://www.google.com/search?q=site%3Aemma.msrb.org%2087354TCD5%20%22Official%20Statement%22
City of Tacoma WA Water Revenue,2024-01-25,12,Yes,63800000,873547JJ3,873547JJ3;873547JK0;873547JL8;873547JM6;873547JN4;873547JP9;873547JQ7;873547JR5;873547JS3;873547JT1;873547JU8;873547JV6,https://emma.msrb.org/Security/Details/873547JJ3,https://emma.msrb.org/Search/Search.aspx?criteria=873547JJ3,https://www.google.com/search?q=site%3Aemma.msrb.org%20873547JJ3%20%22Official%20Statement%22
City of Tampa FL,2021-10-07,1,Yes,1770000,875143B57,875143B57,https://emma.msrb.org/Security/Details/875143B57,https://emma.msrb.org/Search/Search.aspx?criteria=875143B57,https://www.google.com/search?q=site%3Aemma.msrb.org%20875143B57%20%22Official%20Statement%22
City of Topeka KS Combined Utility Revenue,2023-09-12,26,No,73470000,890680VQ1,890680VQ1;890680VR9;890680VS7;890680VT5;890680VU2;890680VV0;890680VW8;890680VX6;890680VY4;890680VZ1;890680WA5;890680WB3;890680WC1;890680WD9;890680WE7;890680WH0;890680WJ6;890680WK3;890680WL1;890680WM9;890680WN7;890680WP2;890680WQ0;890680WR8;890680WS6;890680WT4,https://emma.msrb.org/Security/Details/890680VQ1,https://emma.msrb.org/Search/Search.aspx?criteria=890680VQ1,https://www.google.com/search?q=site%3Aemma.msrb.org%20890680VQ1%20%22Official%20Statement%22
City of Vallejo CA Water Revenue,2021-02-24,6,Yes,5060000,919259BT7,919259BT7;919259BU4;919259BV2;919259BW0;919259BX8;919259BY6,https://emma.msrb.org/Security/Details/919259BT7,https://emma.msrb.org/Search/Search.aspx?criteria=919259BT7,https://www.google.com/search?q=site%3Aemma.msrb.org%20919259BT7%20%22Official%20Statement%22
City of Warren MI Water & Sewer System Revenue,2020-12-09,19,Yes,8725000,935349AA8,935349AA8;935349AB6;935349AC4;935349AD2;935349AE0;935349AF7;935349AG5;935349AH3;935349AJ9;935349AK6;935349AL4;935349AM2;935349AN0;935349AP5;935349AQ3;935349AS9;935349AU4;935349AW0;935349BA7,https://emma.msrb.org/Security/Details/935349AA8,https://emma.msrb.org/Search/Search.aspx?criteria=935349AA8,https://www.google.com/search?q=site%3Aemma.msrb.org%20935349AA8%20%22Official%20Statement%22
City of Westminster CO Water & Wastewater Utility Revenue,2024-09-25,23,No,116550000,960686DK6,960686DK6;960686DL4;960686DM2;960686DN0;960686DP5;960686DQ3;960686DR1;960686DS9;960686DT7;960686DU4;960686DV2;960686DW0;960686DX8;960686DY6;960686DZ3;960686EA7;960686EB5;960686EC3;960686ED1;960686EE9;960686EF6;960686EG4;960686EH2,https://emma.msrb.org/Security/Details/960686DK6,https://emma.msrb.org/Search/Search.aspx?criteria=960686DK6,https://www.google.com/search?q=site%3Aemma.msrb.org%20960686DK6%20%22Official%20Statement%22
City of Yuma AZ Water & Sewer Revenue,2021-12-28,20,Yes,71040000,988522AA6,988522AA6;988522AB4;988522AC2;988522AD0;988522AE8;988522AF5;988522AG3;988522AH1;988522AJ7;988522AK4;988522AL2;988522AM0;988522AN8;988522AP3;988522AQ1;988522AR9;988522AS7;988522AT5;988522AU2;988522AV0,https://emma.msrb.org/Security/Details/988522AA6,https://emma.msrb.org/Search/Search.aspx?criteria=988522AA6,https://www.google.com/search?q=site%3Aemma.msrb.org%20988522AA6%20%22Official%20Statement%22
Denver Wastewater Management Division Department of Public Works,2018-02-22,27,No,103050000,249176CD8,249176CD8;249176CE6;249176CF3;249176CG1;249176CH9;249176CJ5;249176CK2;249176CL0;249176CM8;249176CN6;249176CP1;249176CQ9;249176CR7;249176CS5;249176CT3;249176CU0;249176CV8;249176CW6;249176CX4;249176CY2;249176CZ9;249176DA3;249176DB1;249176DC9;249176DD7;249176DE5;249176DF2,https://emma.msrb.org/Security/Details/249176CD8,https://emma.msrb.org/Search/Search.aspx?criteria=249176CD8,https://www.google.com/search?q=site%3Aemma.msrb.org%20249176CD8%20%22Official%20Statement%22
Gilbert Water Resource Municipal Property Corp,2022-06-14,21,Yes,432965000,37530ABL1,37530ABL1;37530ABM9;37530ABN7;37530ABP2;37530ABQ0;37530ABR8;37530ABS6;37530ABT4;37530ABU1;37530ABV9;37530ABW7;37530ABX5;37530ABY3;37530ABZ0;37530ACA4;37530ACB2;37530ACC0;37530ACD8;37530ACE6;37530ACF3;37530ACG1,https://emma.msrb.org/Security/Details/37530ABL1,https://emma.msrb.org/Search/Search.aspx?criteria=37530ABL1,https://www.google.com/search?q=site%3Aemma.msrb.org%2037530ABL1%20%22Official%20Statement%22
Hudson Yards Infrastructure Corp,2021-10-27,21,Yes,363765000,44420RBK5,44420RBK5;44420RBL3;44420RBM1;44420RBN9;44420RBP4;44420RBQ2;44420RBR0;44420RBS8;44420RBT6;44420RBU3;44420RBV1;44420RBW9;44420RBX7;44420RBY5;44420RBZ2;44420RCA6;44420RCB4;44420RCC2;44420RCD0;44420RCE8;44420RCF5,https://emma.msrb.org/Security/Details/44420RBK5,https://emma.msrb.org/Search/Search.aspx?criteria=44420RBK5,https://www.google.com/search?q=site%3Aemma.msrb.org%2044420RBK5%20%22Official%20Statement%22
Indianapolis Local Public Improvement Bond Bank,2022-02-24,22,Yes,50000000,45528U2F7,45528U2F7;45528U2G5;45528U2H3;45528U2J9;45528U2K6;45528U2L4;45528U2M2;45528U2N0;45528U2P5;45528U2Q3;45528U2R1;45528U2S9;45528U2T7;45528U2U4;45528U2V2;45528U2W0;45528U2X8;45528U2Y6;45528U2Z3;45528U3A7;45528U3B5;45528U3C3,https://emma.msrb.org/Security/Details/45528U2F7,https://emma.msrb.org/Search/Search.aspx?criteria=45528U2F7,https://www.google.com/search?q=site%3Aemma.msrb.org%2045528U2F7%20%22Official%20Statement%22
Indianapolis Local Public Improvement Bond Bank,2022-03-31,28,Yes,65000000,45527CBU5,45527CBU5;45527CBV3;45527CBW1;45527CBX9;45527CBY7;45527CBZ4;45527CCA8;45527CCB6;45527CCC4;45527CCD2;45527CCE0;45527CCF7;45527CCG5;45527CCH3;45527CCJ9;45527CCK6;45527CCL4;45527CCM2;45527CCN0;45527CCP5;45527CCQ3;45527CCR1;45527CCT7;45527CCU4;45527CCV2;45527CCW0;45527CCY6;45527CCZ3,https://emma.msrb.org/Security/Details/45527CBU5,https://emma.msrb.org/Search/Search.aspx?criteria=45527CBU5,https://www.google.com/search?q=site%3Aemma.msrb.org%2045527CBU5%20%22Official%20Statement%22
Lancaster Power Authority,2021-04-01,1,Yes,1875000,513793BE8,513793BE8,https://emma.msrb.org/Security/Details/513793BE8,https://emma.msrb.org/Search/Search.aspx?criteria=513793BE8,https://www.google.com/search?q=site%3Aemma.msrb.org%20513793BE8%20%22Official%20Statement%22
Lancaster Power Authority,2021-10-12,15,No,17430000,513793AP4,513793AP4;513793AQ2;513793AR0;513793AS8;513793AT6;513793AU3;513793AV1;513793AW9;513793AX7;513793AY5;513793AZ2;513793BA6;513793BB4;513793BC2;513793BD0,https://emma.msrb.org/Security/Details/513793AP4,https://emma.msrb.org/Search/Search.aspx?criteria=513793AP4,https://www.google.com/search?q=site%3Aemma.msrb.org%20513793AP4%20%22Official%20Statement%22
Louisville and Jefferson County Metropolitan Sewer District,2022-02-01,26,Yes,174225000,5465892G6,5465892G6;546589S94;546589T28;546589T36;546589T44;546589T51;546589T69;546589T77;546589T85;546589T93;546589U26;546589U34;546589U42;546589U59;546589U67;546589U75;546589U83;546589U91;546589V25;546589V33;546589V41;546589V58;546589V66;546589V74;546589V82;546589V90,https://emma.msrb.org/Security/Details/5465892G6,https://emma.msrb.org/Search/Search.aspx?criteria=5465892G6,https://www.google.com/search?q=site%3Aemma.msrb.org%205465892G6%20%22Official%20Statement%22
Louisville and Jefferson County Metropolitan Sewer District,2023-10-26,25,No,272280000,5465892A9,5465892A9;5465892B7;546589X31;546589X49;546589X56;546589X64;546589X72;546589X80;546589X98;546589Y22;546589Y30;546589Y48;546589Y55;546589Y63;546589Y71;546589Y89;546589Y97;546589Z21;546589Z39;546589Z47;546589Z54;546589Z62;546589Z70;546589Z88;546589Z96,https://emma.msrb.org/Security/Details/5465892A9,https://emma.msrb.org/Search/Search.aspx?criteria=5465892A9,https://www.google.com/search?q=site%3Aemma.msrb.org%205465892A9%20%22Official%20Statement%22
Metropolitan Pier & Exposition Authority,2019-05-08,20,No,36865000,59225CAA6,59225CAA6;59225CAB4;59225CAC2;59225CAD0;59225CAE8;59225CAF5;59225CAG3;59225CAH1;59225CAJ7;59225CAK4;59225CAL2;59225CAM0;59225CAN8;59225CAP3;59225CAQ1;59225CAR9;59225CAS7;59225CAT5;59225CAU2;59225CAV0,https://emma.msrb.org/Security/Details/59225CAA6,https://emma.msrb.org/Search/Search.aspx?criteria=59225CAA6,https://www.google.com/search?q=site%3Aemma.msrb.org%2059225CAA6%20%22Official%20Statement%22
Metropolitan Pier & Exposition Authority,2024-01-10,3,No,42830000,59225CAW8,59225CAW8;59225CAX6;59225CAY4,https://emma.msrb.org/Security/Details/59225CAW8,https://emma.msrb.org/Search/Search.aspx?criteria=59225CAW8,https://www.google.com/search?q=site%3Aemma.msrb.org%2059225CAW8%20%22Official%20Statement%22
Monterey Park Financing Authority,2024-05-16,15,Yes,7165000,61255TAA8,61255TAA8;61255TAB6;61255TAC4;61255TAD2;61255TAE0;61255TAF7;61255TAG5;61255TAH3;61255TAJ9;61255TAK6;61255TAL4;61255TAM2;61255TAN0;61255TAP5;61255TAQ3,https://emma.msrb.org/Security/Details/61255TAA8,https://emma.msrb.org/Search/Search.aspx?criteria=61255TAA8,https://www.google.com/search?q=site%3Aemma.msrb.org%2061255TAA8%20%22Official%20Statement%22
San Francisco City & County Public Utilities Commission Power Revenue,2015-05-20,13,Yes,32025000,79771KAA4,79771KAA4;79771KAB2;79771KAC0;79771KAD8;79771KAE6;79771KAF3;79771KAG1;79771KAH9;79771KAJ5;79771KAK2;79771KAL0;79771KAM8;79771KAN6,https://emma.msrb.org/Security/Details/79771KAA4,https://emma.msrb.org/Search/Search.aspx?criteria=79771KAA4,https://www.google.com/search?q=site%3Aemma.msrb.org%2079771KAA4%20%22Official%20Statement%22
San Francisco City & County Public Utilities Commission Power Revenue,2021-12-21,24,Yes,74280000,79771KAZ9,79771KAZ9;79771KBA3;79771KBB1;79771KBC9;79771KBD7;79771KBE5;79771KBF2;79771KBG0;79771KBH8;79771KBJ4;79771KBK1;79771KBL9;79771KBM7;79771KBN5;79771KBP0;79771KBQ8;79771KBR6;79771KBS4;79771KBT2;79771KBU9;79771KBV7;79771KBW5;79771KBX3;79771KCC8,https://emma.msrb.org/Security/Details/79771KAZ9,https://emma.msrb.org/Search/Search.aspx?criteria=79771KAZ9,https://www.google.com/search?q=site%3Aemma.msrb.org%2079771KAZ9%20%22Official%20Statement%22
San Francisco City & County Public Utilities Commission Wastewater Revenue,2016-05-24,18,Yes,154975000,79768HCH9,79768HCH9;79768HCJ5;79768HCK2;79768HCL0;79768HCM8;79768HCN6;79768HCP1;79768HCQ9;79768HCR7;79768HCS5;79768HCT3;79768HCU0;79768HCV8;79768HCW6;79768HCX4;79768HCY2;79768HCZ9;79768HDA3,https://emma.msrb.org/Security/Details/79768HCH9,https://emma.msrb.org/Search/Search.aspx?criteria=79768HCH9,https://www.google.com/search?q=site%3Aemma.msrb.org%2079768HCH9%20%22Official%20Statement%22
San Francisco City & County Public Utilities Commission Wastewater Revenue,2018-08-09,17,Yes,158185000,79768HEA2,79768HEA2;79768HEB0;79768HEC8;79768HED6;79768HEE4;79768HEF1;79768HEG9;79768HEH7;79768HEJ3;79768HEK0;79768HEL8;79768HEM6;79768HEN4;79768HEP9;79768HEQ7;79768HER5;79768HES3,https://emma.msrb.org/Security/Details/79768HEA2,https://emma.msrb.org/Search/Search.aspx?criteria=79768HEA2,https://www.google.com/search?q=site%3Aemma.msrb.org%2079768HEA2%20%22Official%20Statement%22
San Francisco City & County Public Utilities Commission Wastewater Revenue,2021-11-30,1,Yes,32755000,79768HFV5,79768HFV5,https://emma.msrb.org/Security/Details/79768HFV5,https://emma.msrb.org/Search/Search.aspx?criteria=79768HFV5,https://www.google.com/search?q=site%3Aemma.msrb.org%2079768HFV5%20%22Official%20Statement%22
San Francisco City & County Public Utilities Commission Wastewater Revenue,2023-04-19,18,Yes,696225000,79768HGV4,79768HGV4;79768HGW2;79768HGX0;79768HGY8;79768HGZ5;79768HHA9;79768HHB7;79768HHC5;79768HHD3;79768HHE1;79768HHF8;79768HHG6;79768HHH4;79768HHJ0;79768HHK7;79768HHL5;79768HHM3;79768HHN1,https://emma.msrb.org/Security/Details/79768HGV4,https://emma.msrb.org/Search/Search.aspx?criteria=79768HGV4,https://www.google.com/search?q=site%3Aemma.msrb.org%2079768HGV4%20%22Official%20Statement%22
San Francisco City & County Public Utilities Commission Wastewater Revenue,2024-07-31,16,Yes,650970000,79768HJN9,79768HJN9;79768HJX7;79768HJY5;79768HJZ2;79768HKA5;79768HKB3;79768HKC1;79768HKD9;79768HKE7;79768HKF4;79768HKG2;79768HKH0;79768HKJ6;79768HKK3;79768HKL1;79768HKM9,https://emma.msrb.org/Security/Details/79768HJN9,https://emma.msrb.org/Search/Search.aspx?criteria=79768HJN9,https://www.google.com/search?q=site%3Aemma.msrb.org%2079768HJN9%20%22Official%20Statement%22
San Jose Financing Authority,2022-12-15,21,Yes,143170000,79816NAC1,79816NAC1;79816NAD9;79816NAE7;79816NAF4;79816NAG2;79816NAH0;79816NAJ6;79816NAK3;79816NAL1;79816NAM9;79816NAN7;79816NAP2;79816NAQ0;79816NAR8;79816NAS6;79816NAT4;79816NAU1;79816NAV9;79816NAW7;79816NAX5;79816NAY3,https://emma.msrb.org/Security/Details/79816NAC1,https://emma.msrb.org/Search/Search.aspx?criteria=79816NAC1,https://www.google.com/search?q=site%3Aemma.msrb.org%2079816NAC1%20%22Official%20Statement%22
San Rafael Joint Powers Financing Authority,2018-03-28,13,Yes,43575000,799317BT8,799317BT8;799317BU5;799317BV3;799317BW1;799317BX9;799317BY7;799317BZ4;799317CA8;799317CB6;799317CC4;799317CD2;799317CE0;799317CF7,https://emma.msrb.org/Security/Details/799317BT8,https://emma.msrb.org/Search/Search.aspx?criteria=799317BT8,https://www.google.com/search?q=site%3Aemma.msrb.org%20799317BT8%20%22Official%20Statement%22
St Louis Clean Energy Development Board,2017-09-21,1,No,10105000,791642AA9,791642AA9,https://emma.msrb.org/Security/Details/791642AA9,https://emma.msrb.org/Search/Search.aspx?criteria=791642AA9,https://www.google.com/search?q=site%3Aemma.msrb.org%20791642AA9%20%22Official%20Statement%22
St Louis Clean Energy Development Board,2018-06-22,1,No,2638000,791642AC5,791642AC5,https://emma.msrb.org/Security/Details/791642AC5,https://emma.msrb.org/Search/Search.aspx?criteria=791642AC5,https://www.google.com/search?q=site%3Aemma.msrb.org%20791642AC5%20%22Official%20Statement%22
St Louis Municipal Finance Corp,2016-05-04,1,No,3635000,79165TRS2,79165TRS2,https://emma.msrb.org/Security/Details/79165TRS2,https://emma.msrb.org/Search/Search.aspx?criteria=79165TRS2,https://www.google.com/search?q=site%3Aemma.msrb.org%2079165TRS2%20%22Official%20Statement%22
Stockton Public Financing Authority,2024-09-04,5,No,28085000,86139QAT2,86139QAT2;86139QAU9;86139QAV7;86139QAW5;86139QAX3,https://emma.msrb.org/Security/Details/86139QAT2,https://emma.msrb.org/Search/Search.aspx?criteria=86139QAT2,https://www.google.com/search?q=site%3Aemma.msrb.org%2086139QAT2%20%22Official%20Statement%22
Sunnyvale Financing Authority,2020-11-12,17,Yes,58735000,86754EAA4,86754EAA4;86754EAB2;86754EAC0;86754EAD8;86754EAE6;86754EAF3;86754EAG1;86754EAH9;86754EAJ5;86754EAK2;86754EAL0;86754EAM8;86754EAN6;86754EAP1;86754EAQ9;86754EAR7;86754EAS5,https://emma.msrb.org/Security/Details/86754EAA4,https://emma.msrb.org/Search/Search.aspx?criteria=86754EAA4,https://www.google.com/search?q=site%3Aemma.msrb.org%2086754EAA4%20%22Official%20Statement%22
Woodland Finance Authority,2021-12-16,16,Yes,9815000,97951QBB2,97951QBB2;97951QBC0;97951QBD8;97951QBE6;97951QBF3;97951QBG1;97951QBH9;97951QBJ5;97951QBK2;97951QBL0;97951QBM8;97951QBN6;97951QBP1;97951QBQ9;97951QBR7;97951QBS5,https://emma.msrb.org/Security/Details/97951QBB2,https://emma.msrb.org/Search/Search.aspx?criteria=97951QBB2,https://www.google.com/search?q=site%3Aemma.msrb.org%2097951QBB2%20%22Official%20Statement%22

