state,state_abbrev,fips,year,has_antiesg_law,num_antiesg_laws,has_antiesg_proposed,first_law_year,first_bill_year,has_law_restricted_pension,has_law_restricted_contracts,has_law_proxy_voting,has_law_esg_score_ban_govt,has_law_esg_score_ban_private,has_law_civil_liability,law_intensity_score,cum_exec_actions,cum_ag_investigations,cum_ag_letters,cum_divestments,first_exec_action_year,has_muni_bond_law,has_underwriter_block,first_underwriter_block_year,msrb_letter_signatory,governor_alliance_member,has_proesg_law,has_fossil_divestment,has_esg_disclosure_requirement,has_board_diversity_mandate,has_proesg_contracts,first_proesg_year
Alabama,AL,01,2010,0,0,0,,,0,0,0,0,0,0,0,0,0,0,0,,0,0,,0,0,0,0,0,0,0,
Alabama,AL,01,2011,0,0,0,,,0,0,0,0,0,0,0,0,0,0,0,,0,0,,0,0,0,0,0,0,0,
Alabama,AL,01,2012,0,0,0,,,0,0,0,0,0,0,0,0,0,0,0,,0,0,,0,0,0,0,0,0,0,
Alabama,AL,01,2013,0,0,0,,,0,0,0,0,0,0,0,0,0,0,0,,0,0,,0,0,0,0,0,0,0,
Alabama,AL,01,2014,0,0,0,,,0,0,0,0,0,0,0,0,0,0,0,,0,0,,0,0,0,0,0,0,0,
Alabama,AL,01,2015,0,0,0,,,0,0,0,0,0,0,0,0,0,0,0,,0,0,,0,0,0,0,0,0,0,
Alabama,AL,01,2016,0,0,0,,,0,0,0,0,0,0,0,0,0,0,0,,0,0,,0,0,0,0,0,0,0,
Alabama,AL,01,2017,0,0,0,,,0,0,0,0,0,0,0,0,0,0,0,,0,0,,0,0,0,0,0,0,0,
Alabama,AL,01,2018,0,0,0,,,0,0,0,0,0,0,0,0,0,0,0,,0,0,,0,0,0,0,0,0,0,
Alabama,AL,01,2019,0,0,0,,,0,0,0,0,0,0,0,0,0,0,0,,0,0,,0,0,0,0,0,0,0,
Alabama,AL,01,2020,0,0,0,,,0,0,0,0,0,0,0,0,0,0,0,,0,0,,0,0,0,0,0,0,0,
Alabama,AL,01,2021,0,0,0,,,0,0,0,0,0,0,0,3,0,3,0,2021.0,0,0,,0,0,0,0,0,0,0,
Alabama,AL,01,2022,0,0,0,,,0,0,0,0,0,0,0,10,0,9,0,2021.0,0,0,,1,0,0,0,0,0,0,
Alabama,AL,01,2023,1,1,1,2023.0,2023.0,0,1,0,0,0,0,1,23,0,19,0,2021.0,0,0,,1,1,0,0,0,0,0,
Alabama,AL,01,2024,1,1,1,2023.0,2023.0,0,1,0,0,0,0,1,31,1,23,0,2021.0,0,0,,1,1,0,0,0,0,0,
Alabama,AL,01,2025,1,1,1,2023.0,2023.0,0,1,0,0,0,0,1,34,1,26,0,2021.0,0,0,,1,1,0,0,0,0,0,
Alaska,AK,02,2010,0,0,0,,,0,0,0,0,0,0,0,0,0,0,0,,0,0,,0,0,0,0,0,0,0,
Alaska,AK,02,2011,0,0,0,,,0,0,0,0,0,0,0,0,0,0,0,,0,0,,0,0,0,0,0,0,0,
Alaska,AK,02,2012,0,0,0,,,0,0,0,0,0,0,0,0,0,0,0,,0,0,,0,0,0,0,0,0,0,
Alaska,AK,02,2013,0,0,0,,,0,0,0,0,0,0,0,0,0,0,0,,0,0,,0,0,0,0,0,0,0,
Alaska,AK,02,2014,0,0,0,,,0,0,0,0,0,0,0,0,0,0,0,,0,0,,0,0,0,0,0,0,0,
Alaska,AK,02,2015,0,0,0,,,0,0,0,0,0,0,0,0,0,0,0,,0,0,,0,0,0,0,0,0,0,
Alaska,AK,02,2016,0,0,0,,,0,0,0,0,0,0,0,0,0,0,0,,0,0,,0,0,0,0,0,0,0,
Alaska,AK,02,2017,0,0,0,,,0,0,0,0,0,0,0,0,0,0,0,,0,0,,0,0,0,0,0,0,0,
Alaska,AK,02,2018,0,0,0,,,0,0,0,0,0,0,0,0,0,0,0,,0,0,,0,0,0,0,0,0,0,
Alaska,AK,02,2019,0,0,0,,,0,0,0,0,0,0,0,0,0,0,0,,0,0,,0,0,0,0,0,0,0,
Alaska,AK,02,2020,0,0,0,,,0,0,0,0,0,0,0,1,0,0,0,2020.0,0,0,,0,0,0,0,0,0,0,
Alaska,AK,02,2021,0,0,0,,,0,0,0,0,0,0,0,2,0,1,0,2020.0,0,0,,0,0,0,0,0,0,0,
Alaska,AK,02,2022,0,0,1,,2022.0,0,0,0,0,0,0,0,9,0,8,0,2020.0,0,0,,1,0,0,0,0,0,0,
Alaska,AK,02,2023,0,0,1,,2022.0,0,0,0,0,0,0,0,20,0,17,0,2020.0,0,0,,1,1,0,0,0,0,0,
Alaska,AK,02,2024,0,0,1,,2022.0,0,0,0,0,0,0,0,25,0,20,0,2020.0,0,0,,1,1,0,0,0,0,0,
Alaska,AK,02,2025,0,0,1,,2022.0,0,0,0,0,0,0,0,27,0,22,0,2020.0,0,0,,1,1,0,0,0,0,0,
Arizona,AZ,04,2010,0,0,0,,,0,0,0,0,0,0,0,0,0,0,0,,0,0,,0,0,0,0,0,0,0,
Arizona,AZ,04,2011,0,0,0,,,0,0,0,0,0,0,0,0,0,0,0,,0,0,,0,0,0,0,0,0,0,
Arizona,AZ,04,2012,0,0,0,,,0,0,0,0,0,0,0,0,0,0,0,,0,0,,0,0,0,0,0,0,0,
Arizona,AZ,04,2013,0,0,0,,,0,0,0,0,0,0,0,0,0,0,0,,0,0,,0,0,0,0,0,0,0,
Arizona,AZ,04,2014,0,0,0,,,0,0,0,0,0,0,0,0,0,0,0,,0,0,,0,0,0,0,0,0,0,
Arizona,AZ,04,2015,0,0,0,,,0,0,0,0,0,0,0,0,0,0,0,,0,0,,0,0,0,0,0,0,0,
Arizona,AZ,04,2016,0,0,0,,,0,0,0,0,0,0,0,0,0,0,0,,0,0,,0,0,0,0,0,0,0,
Arizona,AZ,04,2017,0,0,0,,,0,0,0,0,0,0,0,0,0,0,0,,0,0,,0,0,0,0,0,0,0,
Arizona,AZ,04,2018,0,0,0,,,0,0,0,0,0,0,0,0,0,0,0,,0,0,,0,0,0,0,0,0,0,
Arizona,AZ,04,2019,0,0,0,,,0,0,0,0,0,0,0,0,0,0,0,,0,0,,0,0,0,0,0,0,0,
Arizona,AZ,04,2020,0,0,0,,,0,0,0,0,0,0,0,0,0,0,0,,0,0,,0,0,0,0,0,0,0,
Arizona,AZ,04,2021,0,0,0,,,0,0,0,0,0,0,0,5,1,4,0,2021.0,0,0,,0,0,0,0,0,0,0,
Arizona,AZ,04,2022,0,0,1,,2022.0,0,0,0,0,0,0,0,20,3,15,1,2021.0,0,0,,1,0,0,0,0,0,0,
Arizona,AZ,04,2023,0,0,1,,2022.0,0,0,0,0,0,0,0,26,3,21,1,2021.0,0,0,,1,0,0,0,0,0,0,
Arizona,AZ,04,2024,0,0,1,,2022.0,0,0,0,0,0,0,0,29,3,23,1,2021.0,0,0,,1,0,0,0,0,0,0,
Arizona,AZ,04,2025,0,0,1,,2022.0,0,0,0,0,0,0,0,31,3,25,1,2021.0,0,0,,1,0,0,0,0,0,0,
Arkansas,AR,05,2010,0,0,0,,,0,0,0,0,0,0,0,0,0,0,0,,0,0,,0,0,0,0,0,0,0,
Arkansas,AR,05,2011,0,0,0,,,0,0,0,0,0,0,0,0,0,0,0,,0,0,,0,0,0,0,0,0,0,
Arkansas,AR,05,2012,0,0,0,,,0,0,0,0,0,0,0,0,0,0,0,,0,0,,0,0,0,0,0,0,0,
Arkansas,AR,05,2013,0,0,0,,,0,0,0,0,0,0,0,0,0,0,0,,0,0,,0,0,0,0,0,0,0,
Arkansas,AR,05,2014,0,0,0,,,0,0,0,0,0,0,0,0,0,0,0,,0,0,,0,0,0,0,0,0,0,
Arkansas,AR,05,2015,0,0,0,,,0,0,0,0,0,0,0,0,0,0,0,,0,0,,0,0,0,0,0,0,0,
Arkansas,AR,05,2016,0,0,0,,,0,0,0,0,0,0,0,0,0,0,0,,0,0,,0,0,0,0,0,0,0,
Arkansas,AR,05,2017,0,0,0,,,0,0,0,0,0,0,0,0,0,0,0,,0,0,,0,0,0,0,0,0,0,
Arkansas,AR,05,2018,0,0,0,,,0,0,0,0,0,0,0,0,0,0,0,,0,0,,0,0,0,0,0,0,0,
Arkansas,AR,05,2019,0,0,0,,,0,0,0,0,0,0,0,0,0,0,0,,0,0,,0,0,0,0,0,0,0,
Arkansas,AR,05,2020,0,0,0,,,0,0,0,0,0,0,0,0,0,0,0,,0,0,,0,0,0,0,0,0,0,
Arkansas,AR,05,2021,1,1,1,2021.0,2021.0,0,0,0,0,0,0,0,4,0,4,0,2021.0,0,0,,0,0,0,0,0,0,0,
Arkansas,AR,05,2022,1,1,1,2021.0,2021.0,0,0,0,0,0,0,0,18,2,14,1,2021.0,0,0,,1,0,0,0,0,0,0,
Arkansas,AR,05,2023,1,5,1,2021.0,2021.0,1,1,1,0,0,0,3,31,2,25,1,2021.0,0,0,,1,1,0,0,0,0,0,
Arkansas,AR,05,2024,1,5,1,2021.0,2021.0,1,1,1,0,0,0,3,39,3,30,1,2021.0,0,0,,1,1,0,0,0,0,0,
Arkansas,AR,05,2025,1,7,1,2021.0,2021.0,1,1,1,0,0,0,3,39,3,30,1,2021.0,0,0,,1,1,0,0,0,0,0,
California,CA,06,2010,0,0,0,,,0,0,0,0,0,0,0,0,0,0,0,,0,0,,0,0,0,0,0,0,0,
California,CA,06,2011,0,0,0,,,0,0,0,0,0,0,0,0,0,0,0,,0,0,,0,0,0,0,0,0,0,
California,CA,06,2012,0,0,0,,,0,0,0,0,0,0,0,0,0,0,0,,0,0,,0,0,0,0,0,0,0,
California,CA,06,2013,0,0,0,,,0,0,0,0,0,0,0,0,0,0,0,,0,0,,0,0,0,0,0,0,0,
California,CA,06,2014,0,0,0,,,0,0,0,0,0,0,0,0,0,0,0,,0,0,,0,0,0,0,0,0,0,
California,CA,06,2015,0,0,0,,,0,0,0,0,0,0,0,0,0,0,0,,0,0,,0,0,0,0,0,0,0,
California,CA,06,2016,0,0,0,,,0,0,0,0,0,0,0,0,0,0,0,,0,0,,0,0,0,0,0,0,0,
California,CA,06,2017,0,0,0,,,0,0,0,0,0,0,0,0,0,0,0,,0,0,,0,0,0,0,0,0,0,
California,CA,06,2018,0,0,0,,,0,0,0,0,0,0,0,0,0,0,0,,0,0,,0,0,0,0,0,0,0,
California,CA,06,2019,0,0,0,,,0,0,0,0,0,0,0,0,0,0,0,,0,0,,0,0,0,0,0,0,0,
California,CA,06,2020,0,0,0,,,0,0,0,0,0,0,0,0,0,0,0,,0,0,,0,0,1,0,0,1,0,2020.0
California,CA,06,2021,0,0,0,,,0,0,0,0,0,0,0,0,0,0,0,,0,0,,0,0,1,0,0,1,1,2020.0
California,CA,06,2022,0,0,0,,,0,0,0,0,0,0,0,0,0,0,0,,0,0,,0,0,1,0,0,1,1,2020.0
California,CA,06,2023,0,0,0,,,0,0,0,0,0,0,0,0,0,0,0,,0,0,,0,0,1,0,0,1,1,2020.0
California,CA,06,2024,0,0,0,,,0,0,0,0,0,0,0,0,0,0,0,,0,0,,0,0,1,0,0,1,1,2020.0
California,CA,06,2025,0,0,0,,,0,0,0,0,0,0,0,0,0,0,0,,0,0,,0,0,1,0,0,1,1,2020.0
Colorado,CO,08,2010,0,0,0,,,0,0,0,0,0,0,0,0,0,0,0,,0,0,,0,0,0,0,0,0,0,
Colorado,CO,08,2011,0,0,0,,,0,0,0,0,0,0,0,0,0,0,0,,0,0,,0,0,0,0,0,0,0,
Colorado,CO,08,2012,0,0,0,,,0,0,0,0,0,0,0,0,0,0,0,,0,0,,0,0,0,0,0,0,0,
Colorado,CO,08,2013,0,0,0,,,0,0,0,0,0,0,0,0,0,0,0,,0,0,,0,0,0,0,0,0,0,
Colorado,CO,08,2014,0,0,0,,,0,0,0,0,0,0,0,0,0,0,0,,0,0,,0,0,0,0,0,0,0,
Colorado,CO,08,2015,0,0,0,,,0,0,0,0,0,0,0,0,0,0,0,,0,0,,0,0,0,0,0,0,0,
Colorado,CO,08,2016,0,0,0,,,0,0,0,0,0,0,0,0,0,0,0,,0,0,,0,0,0,0,0,0,0,
Colorado,CO,08,2017,0,0,0,,,0,0,0,0,0,0,0,0,0,0,0,,0,0,,0,0,0,0,0,0,0,
Colorado,CO,08,2018,0,0,0,,,0,0,0,0,0,0,0,0,0,0,0,,0,0,,0,0,0,0,0,0,0,
Colorado,CO,08,2019,0,0,0,,,0,0,0,0,0,0,0,0,0,0,0,,0,0,,0,0,0,0,0,0,0,
Colorado,CO,08,2020,0,0,0,,,0,0,0,0,0,0,0,0,0,0,0,,0,0,,0,0,0,0,0,0,0,
Colorado,CO,08,2021,0,0,0,,,0,0,0,0,0,0,0,0,0,0,0,,0,0,,0,0,0,0,0,0,0,
Colorado,CO,08,2022,0,0,0,,,0,0,0,0,0,0,0,0,0,0,0,,0,0,,0,0,0,0,0,0,0,
Colorado,CO,08,2023,0,0,1,,2023.0,0,0,0,0,0,0,0,0,0,0,0,,0,0,,0,0,1,0,0,0,0,2023.0
Colorado,CO,08,2024,0,0,1,,2023.0,0,0,0,0,0,0,0,0,0,0,0,,0,0,,0,0,1,0,0,0,0,2023.0
Colorado,CO,08,2025,0,0,1,,2023.0,0,0,0,0,0,0,0,0,0,0,0,,0,0,,0,0,1,0,0,0,0,2023.0
Connecticut,CT,09,2010,0,0,0,,,0,0,0,0,0,0,0,0,0,0,0,,0,0,,0,0,0,0,0,0,0,
Connecticut,CT,09,2011,0,0,0,,,0,0,0,0,0,0,0,0,0,0,0,,0,0,,0,0,0,0,0,0,0,
Connecticut,CT,09,2012,0,0,0,,,0,0,0,0,0,0,0,0,0,0,0,,0,0,,0,0,0,0,0,0,0,
Connecticut,CT,09,2013,0,0,0,,,0,0,0,0,0,0,0,0,0,0,0,,0,0,,0,0,0,0,0,0,0,
Connecticut,CT,09,2014,0,0,0,,,0,0,0,0,0,0,0,0,0,0,0,,0,0,,0,0,0,0,0,0,0,
Connecticut,CT,09,2015,0,0,0,,,0,0,0,0,0,0,0,0,0,0,0,,0,0,,0,0,0,0,0,0,0,
Connecticut,CT,09,2016,0,0,0,,,0,0,0,0,0,0,0,0,0,0,0,,0,0,,0,0,0,0,0,0,0,
Connecticut,CT,09,2017,0,0,0,,,0,0,0,0,0,0,0,0,0,0,0,,0,0,,0,0,0,0,0,0,0,
Connecticut,CT,09,2018,0,0,0,,,0,0,0,0,0,0,0,0,0,0,0,,0,0,,0,0,0,0,0,0,0,
Connecticut,CT,09,2019,0,0,0,,,0,0,0,0,0,0,0,0,0,0,0,,0,0,,0,0,0,0,0,0,0,
Connecticut,CT,09,2020,0,0,0,,,0,0,0,0,0,0,0,0,0,0,0,,0,0,,0,0,0,0,0,0,0,
Connecticut,CT,09,2021,0,0,0,,,0,0,0,0,0,0,0,0,0,0,0,,0,0,,0,0,0,0,0,0,0,
Connecticut,CT,09,2022,0,0,0,,,0,0,0,0,0,0,0,0,0,0,0,,0,0,,0,0,0,0,0,0,0,
Connecticut,CT,09,2023,0,0,0,,,0,0,0,0,0,0,0,0,0,0,0,,0,0,,0,0,0,0,0,0,0,
Connecticut,CT,09,2024,0,0,0,,,0,0,0,0,0,0,0,0,0,0,0,,0,0,,0,0,0,0,0,0,0,
Connecticut,CT,09,2025,0,0,1,,2025.0,0,0,0,0,0,0,0,0,0,0,0,,0,0,,0,0,0,0,0,0,0,
Delaware,DE,10,2010,0,0,0,,,0,0,0,0,0,0,0,0,0,0,0,,0,0,,0,0,0,0,0,0,0,
Delaware,DE,10,2011,0,0,0,,,0,0,0,0,0,0,0,0,0,0,0,,0,0,,0,0,0,0,0,0,0,
Delaware,DE,10,2012,0,0,0,,,0,0,0,0,0,0,0,0,0,0,0,,0,0,,0,0,0,0,0,0,0,
Delaware,DE,10,2013,0,0,0,,,0,0,0,0,0,0,0,0,0,0,0,,0,0,,0,0,0,0,0,0,0,
Delaware,DE,10,2014,0,0,0,,,0,0,0,0,0,0,0,0,0,0,0,,0,0,,0,0,0,0,0,0,0,
Delaware,DE,10,2015,0,0,0,,,0,0,0,0,0,0,0,0,0,0,0,,0,0,,0,0,0,0,0,0,0,
Delaware,DE,10,2016,0,0,0,,,0,0,0,0,0,0,0,0,0,0,0,,0,0,,0,0,0,0,0,0,0,
Delaware,DE,10,2017,0,0,0,,,0,0,0,0,0,0,0,0,0,0,0,,0,0,,0,0,0,0,0,0,0,
Delaware,DE,10,2018,0,0,0,,,0,0,0,0,0,0,0,0,0,0,0,,0,0,,0,0,0,0,0,0,0,
Delaware,DE,10,2019,0,0,0,,,0,0,0,0,0,0,0,0,0,0,0,,0,0,,0,0,0,0,0,0,0,
Delaware,DE,10,2020,0,0,0,,,0,0,0,0,0,0,0,0,0,0,0,,0,0,,0,0,1,0,0,1,0,2020.0
Delaware,DE,10,2021,0,0,0,,,0,0,0,0,0,0,0,0,0,0,0,,0,0,,0,0,1,0,0,1,0,2020.0
Delaware,DE,10,2022,0,0,0,,,0,0,0,0,0,0,0,0,0,0,0,,0,0,,0,0,1,0,0,1,0,2020.0
Delaware,DE,10,2023,0,0,0,,,0,0,0,0,0,0,0,0,0,0,0,,0,0,,0,0,1,0,0,1,0,2020.0
Delaware,DE,10,2024,0,0,0,,,0,0,0,0,0,0,0,0,0,0,0,,0,0,,0,0,1,0,0,1,0,2020.0
Delaware,DE,10,2025,0,0,0,,,0,0,0,0,0,0,0,0,0,0,0,,0,0,,0,0,1,0,0,1,0,2020.0
District of Columbia,DC,11,2010,0,0,0,,,0,0,0,0,0,0,0,0,0,0,0,,0,0,,0,0,0,0,0,0,0,
District of Columbia,DC,11,2011,0,0,0,,,0,0,0,0,0,0,0,0,0,0,0,,0,0,,0,0,0,0,0,0,0,
District of Columbia,DC,11,2012,0,0,0,,,0,0,0,0,0,0,0,0,0,0,0,,0,0,,0,0,0,0,0,0,0,
District of Columbia,DC,11,2013,0,0,0,,,0,0,0,0,0,0,0,0,0,0,0,,0,0,,0,0,0,0,0,0,0,
District of Columbia,DC,11,2014,0,0,0,,,0,0,0,0,0,0,0,0,0,0,0,,0,0,,0,0,0,0,0,0,0,
District of Columbia,DC,11,2015,0,0,0,,,0,0,0,0,0,0,0,0,0,0,0,,0,0,,0,0,0,0,0,0,0,
District of Columbia,DC,11,2016,0,0,0,,,0,0,0,0,0,0,0,0,0,0,0,,0,0,,0,0,0,0,0,0,0,
District of Columbia,DC,11,2017,0,0,0,,,0,0,0,0,0,0,0,0,0,0,0,,0,0,,0,0,0,0,0,0,0,
District of Columbia,DC,11,2018,0,0,0,,,0,0,0,0,0,0,0,0,0,0,0,,0,0,,0,0,0,0,0,0,0,
District of Columbia,DC,11,2019,0,0,0,,,0,0,0,0,0,0,0,0,0,0,0,,0,0,,0,0,0,0,0,0,0,
District of Columbia,DC,11,2020,0,0,0,,,0,0,0,0,0,0,0,0,0,0,0,,0,0,,0,0,0,0,0,0,0,
District of Columbia,DC,11,2021,0,0,0,,,0,0,0,0,0,0,0,0,0,0,0,,0,0,,0,0,0,0,0,0,0,
District of Columbia,DC,11,2022,0,0,0,,,0,0,0,0,0,0,0,0,0,0,0,,0,0,,0,0,0,0,0,0,0,
District of Columbia,DC,11,2023,0,0,0,,,0,0,0,0,0,0,0,0,0,0,0,,0,0,,0,0,0,0,0,0,0,
District of Columbia,DC,11,2024,0,0,0,,,0,0,0,0,0,0,0,0,0,0,0,,0,0,,0,0,0,0,0,0,0,
District of Columbia,DC,11,2025,0,0,0,,,0,0,0,0,0,0,0,0,0,0,0,,0,0,,0,0,0,0,0,0,0,
Florida,FL,12,2010,0,0,0,,,0,0,0,0,0,0,0,0,0,0,0,,0,0,,0,0,0,0,0,0,0,
Florida,FL,12,2011,0,0,0,,,0,0,0,0,0,0,0,0,0,0,0,,0,0,,0,0,0,0,0,0,0,
Florida,FL,12,2012,0,0,0,,,0,0,0,0,0,0,0,0,0,0,0,,0,0,,0,0,0,0,0,0,0,
Florida,FL,12,2013,0,0,0,,,0,0,0,0,0,0,0,0,0,0,0,,0,0,,0,0,0,0,0,0,0,
Florida,FL,12,2014,0,0,0,,,0,0,0,0,0,0,0,0,0,0,0,,0,0,,0,0,0,0,0,0,0,
Florida,FL,12,2015,0,0,0,,,0,0,0,0,0,0,0,0,0,0,0,,0,0,,0,0,0,0,0,0,0,
Florida,FL,12,2016,0,0,0,,,0,0,0,0,0,0,0,0,0,0,0,,0,0,,0,0,0,0,0,0,0,
Florida,FL,12,2017,0,0,0,,,0,0,0,0,0,0,0,0,0,0,0,,0,0,,0,0,0,0,0,0,0,
Florida,FL,12,2018,0,0,0,,,0,0,0,0,0,0,0,0,0,0,0,,0,0,,0,0,0,0,0,0,0,
Florida,FL,12,2019,0,0,0,,,0,0,0,0,0,0,0,0,0,0,0,,0,0,,0,0,0,0,0,0,0,
Florida,FL,12,2020,0,0,0,,,0,0,0,0,0,0,0,0,0,0,0,,0,0,,0,0,0,0,0,0,0,
Florida,FL,12,2021,0,0,0,,,0,0,0,0,0,0,0,2,0,2,0,2021.0,0,0,,0,0,0,0,0,0,0,
Florida,FL,12,2022,0,0,0,,,0,0,0,0,0,0,0,11,1,7,1,2021.0,0,0,,1,0,0,0,0,0,0,
Florida,FL,12,2023,1,2,1,2023.0,2023.0,1,1,1,1,0,0,4,19,1,13,1,2021.0,1,0,,1,1,0,0,0,0,0,
Florida,FL,12,2024,1,3,1,2023.0,2023.0,1,1,1,1,1,1,6,25,1,17,1,2021.0,1,0,,1,1,0,0,0,0,0,
Florida,FL,12,2025,1,4,1,2023.0,2023.0,1,1,1,1,1,1,6,30,2,18,1,2021.0,1,0,,1,1,0,0,0,0,0,
Georgia,GA,13,2010,0,0,0,,,0,0,0,0,0,0,0,0,0,0,0,,0,0,,0,0,0,0,0,0,0,
Georgia,GA,13,2011,0,0,0,,,0,0,0,0,0,0,0,0,0,0,0,,0,0,,0,0,0,0,0,0,0,
Georgia,GA,13,2012,0,0,0,,,0,0,0,0,0,0,0,0,0,0,0,,0,0,,0,0,0,0,0,0,0,
Georgia,GA,13,2013,0,0,0,,,0,0,0,0,0,0,0,0,0,0,0,,0,0,,0,0,0,0,0,0,0,
Georgia,GA,13,2014,0,0,0,,,0,0,0,0,0,0,0,0,0,0,0,,0,0,,0,0,0,0,0,0,0,
Georgia,GA,13,2015,0,0,0,,,0,0,0,0,0,0,0,0,0,0,0,,0,0,,0,0,0,0,0,0,0,
Georgia,GA,13,2016,0,0,0,,,0,0,0,0,0,0,0,0,0,0,0,,0,0,,0,0,0,0,0,0,0,
Georgia,GA,13,2017,0,0,0,,,0,0,0,0,0,0,0,0,0,0,0,,0,0,,0,0,0,0,0,0,0,
Georgia,GA,13,2018,0,0,0,,,0,0,0,0,0,0,0,0,0,0,0,,0,0,,0,0,0,0,0,0,0,
Georgia,GA,13,2019,0,0,0,,,0,0,0,0,0,0,0,0,0,0,0,,0,0,,0,0,0,0,0,0,0,
Georgia,GA,13,2020,0,0,0,,,0,0,0,0,0,0,0,0,0,0,0,,0,0,,0,0,0,0,0,0,0,
Georgia,GA,13,2021,0,0,0,,,0,0,0,0,0,0,0,1,0,1,0,2021.0,0,0,,0,0,0,0,0,0,0,
Georgia,GA,13,2022,0,0,0,,,0,0,0,0,0,0,0,11,1,10,0,2021.0,0,0,,1,0,0,0,0,0,0,
Georgia,GA,13,2023,1,1,1,2023.0,2023.0,1,0,1,0,0,0,2,20,1,18,0,2021.0,0,0,,1,1,0,0,0,0,0,
Georgia,GA,13,2024,1,1,1,2023.0,2023.0,1,1,1,0,1,0,4,25,2,20,0,2021.0,0,0,,1,1,0,0,0,0,0,
Georgia,GA,13,2025,1,1,1,2023.0,2023.0,1,1,1,0,1,0,4,26,2,21,0,2021.0,0,0,,1,1,0,0,0,0,0,
Hawaii,HI,15,2010,0,0,0,,,0,0,0,0,0,0,0,0,0,0,0,,0,0,,0,0,0,0,0,0,0,
Hawaii,HI,15,2011,0,0,0,,,0,0,0,0,0,0,0,0,0,0,0,,0,0,,0,0,0,0,0,0,0,
Hawaii,HI,15,2012,0,0,0,,,0,0,0,0,0,0,0,0,0,0,0,,0,0,,0,0,0,0,0,0,0,
Hawaii,HI,15,2013,0,0,0,,,0,0,0,0,0,0,0,0,0,0,0,,0,0,,0,0,0,0,0,0,0,
Hawaii,HI,15,2014,0,0,0,,,0,0,0,0,0,0,0,0,0,0,0,,0,0,,0,0,0,0,0,0,0,
Hawaii,HI,15,2015,0,0,0,,,0,0,0,0,0,0,0,0,0,0,0,,0,0,,0,0,0,0,0,0,0,
Hawaii,HI,15,2016,0,0,0,,,0,0,0,0,0,0,0,0,0,0,0,,0,0,,0,0,0,0,0,0,0,
Hawaii,HI,15,2017,0,0,0,,,0,0,0,0,0,0,0,0,0,0,0,,0,0,,0,0,0,0,0,0,0,
Hawaii,HI,15,2018,0,0,0,,,0,0,0,0,0,0,0,0,0,0,0,,0,0,,0,0,0,0,0,0,0,
Hawaii,HI,15,2019,0,0,0,,,0,0,0,0,0,0,0,0,0,0,0,,0,0,,0,0,0,0,0,0,0,
Hawaii,HI,15,2020,0,0,0,,,0,0,0,0,0,0,0,0,0,0,0,,0,0,,0,0,0,0,0,0,0,
Hawaii,HI,15,2021,0,0,0,,,0,0,0,0,0,0,0,0,0,0,0,,0,0,,0,0,0,0,0,0,0,
Hawaii,HI,15,2022,0,0,0,,,0,0,0,0,0,0,0,0,0,0,0,,0,0,,0,0,0,0,0,0,0,
Hawaii,HI,15,2023,0,0,0,,,0,0,0,0,0,0,0,0,0,0,0,,0,0,,0,0,0,0,0,0,0,
Hawaii,HI,15,2024,0,0,0,,,0,0,0,0,0,0,0,0,0,0,0,,0,0,,0,0,0,0,0,0,0,
Hawaii,HI,15,2025,0,0,0,,,0,0,0,0,0,0,0,0,0,0,0,,0,0,,0,0,0,0,0,0,0,
Idaho,ID,16,2010,0,0,0,,,0,0,0,0,0,0,0,0,0,0,0,,0,0,,0,0,0,0,0,0,0,
Idaho,ID,16,2011,0,0,0,,,0,0,0,0,0,0,0,0,0,0,0,,0,0,,0,0,0,0,0,0,0,
Idaho,ID,16,2012,0,0,0,,,0,0,0,0,0,0,0,0,0,0,0,,0,0,,0,0,0,0,0,0,0,
Idaho,ID,16,2013,0,0,0,,,0,0,0,0,0,0,0,0,0,0,0,,0,0,,0,0,0,0,0,0,0,
Idaho,ID,16,2014,0,0,0,,,0,0,0,0,0,0,0,0,0,0,0,,0,0,,0,0,0,0,0,0,0,
Idaho,ID,16,2015,0,0,0,,,0,0,0,0,0,0,0,0,0,0,0,,0,0,,0,0,0,0,0,0,0,
Idaho,ID,16,2016,0,0,0,,,0,0,0,0,0,0,0,0,0,0,0,,0,0,,0,0,0,0,0,0,0,
Idaho,ID,16,2017,0,0,0,,,0,0,0,0,0,0,0,0,0,0,0,,0,0,,0,0,0,0,0,0,0,
Idaho,ID,16,2018,0,0,0,,,0,0,0,0,0,0,0,0,0,0,0,,0,0,,0,0,0,0,0,0,0,
Idaho,ID,16,2019,0,0,0,,,0,0,0,0,0,0,0,0,0,0,0,,0,0,,0,0,0,0,0,0,0,
Idaho,ID,16,2020,0,0,0,,,0,0,0,0,0,0,0,0,0,0,0,,0,0,,0,0,0,0,0,0,0,
Idaho,ID,16,2021,0,0,0,,,0,0,0,0,0,0,0,4,0,4,0,2021.0,0,0,,0,0,0,0,0,0,0,
Idaho,ID,16,2022,1,1,1,2022.0,2022.0,1,1,0,0,0,0,2,15,0,15,0,2021.0,0,0,,1,0,0,0,0,0,0,
Idaho,ID,16,2023,1,3,1,2022.0,2022.0,1,1,0,1,0,0,3,29,0,28,0,2021.0,0,0,,1,1,0,0,0,0,0,
Idaho,ID,16,2024,1,4,1,2022.0,2022.0,1,1,0,1,0,0,3,36,0,34,0,2021.0,0,0,,1,1,0,0,0,0,0,
Idaho,ID,16,2025,1,5,1,2022.0,2022.0,1,1,0,1,1,1,5,39,0,37,0,2021.0,0,0,,1,1,0,0,0,0,0,
Illinois,IL,17,2010,0,0,0,,,0,0,0,0,0,0,0,0,0,0,0,,0,0,,0,0,0,0,0,0,0,
Illinois,IL,17,2011,0,0,0,,,0,0,0,0,0,0,0,0,0,0,0,,0,0,,0,0,0,0,0,0,0,
Illinois,IL,17,2012,0,0,0,,,0,0,0,0,0,0,0,0,0,0,0,,0,0,,0,0,0,0,0,0,0,
Illinois,IL,17,2013,0,0,0,,,0,0,0,0,0,0,0,0,0,0,0,,0,0,,0,0,0,0,0,0,0,
Illinois,IL,17,2014,0,0,0,,,0,0,0,0,0,0,0,0,0,0,0,,0,0,,0,0,0,0,0,0,0,
Illinois,IL,17,2015,0,0,0,,,0,0,0,0,0,0,0,0,0,0,0,,0,0,,0,0,0,0,0,0,0,
Illinois,IL,17,2016,0,0,0,,,0,0,0,0,0,0,0,0,0,0,0,,0,0,,0,0,0,0,0,0,0,
Illinois,IL,17,2017,0,0,0,,,0,0,0,0,0,0,0,0,0,0,0,,0,0,,0,0,0,0,0,0,0,
Illinois,IL,17,2018,0,0,0,,,0,0,0,0,0,0,0,0,0,0,0,,0,0,,0,0,0,0,0,0,0,
Illinois,IL,17,2019,0,0,0,,,0,0,0,0,0,0,0,0,0,0,0,,0,0,,0,0,0,0,0,0,0,
Illinois,IL,17,2020,0,0,0,,,0,0,0,0,0,0,0,0,0,0,0,,0,0,,0,0,0,0,0,0,0,
Illinois,IL,17,2021,0,0,0,,,0,0,0,0,0,0,0,0,0,0,0,,0,0,,0,0,1,1,0,0,0,2021.0
Illinois,IL,17,2022,0,0,0,,,0,0,0,0,0,0,0,0,0,0,0,,0,0,,0,0,1,1,1,0,0,2021.0
Illinois,IL,17,2023,0,0,0,,,0,0,0,0,0,0,0,0,0,0,0,,0,0,,0,0,1,1,1,0,1,2021.0
Illinois,IL,17,2024,0,0,1,,2024.0,0,0,0,0,0,0,0,0,0,0,0,,0,0,,0,0,1,1,1,0,1,2021.0
Illinois,IL,17,2025,0,0,1,,2024.0,0,0,0,0,0,0,0,0,0,0,0,,0,0,,0,0,1,1,1,0,1,2021.0
Indiana,IN,18,2010,0,0,0,,,0,0,0,0,0,0,0,0,0,0,0,,0,0,,0,0,0,0,0,0,0,
Indiana,IN,18,2011,0,0,0,,,0,0,0,0,0,0,0,0,0,0,0,,0,0,,0,0,0,0,0,0,0,
Indiana,IN,18,2012,0,0,0,,,0,0,0,0,0,0,0,0,0,0,0,,0,0,,0,0,0,0,0,0,0,
Indiana,IN,18,2013,0,0,0,,,0,0,0,0,0,0,0,0,0,0,0,,0,0,,0,0,0,0,0,0,0,
Indiana,IN,18,2014,0,0,0,,,0,0,0,0,0,0,0,0,0,0,0,,0,0,,0,0,0,0,0,0,0,
Indiana,IN,18,2015,0,0,0,,,0,0,0,0,0,0,0,0,0,0,0,,0,0,,0,0,0,0,0,0,0,
Indiana,IN,18,2016,0,0,0,,,0,0,0,0,0,0,0,0,0,0,0,,0,0,,0,0,0,0,0,0,0,
Indiana,IN,18,2017,0,0,0,,,0,0,0,0,0,0,0,0,0,0,0,,0,0,,0,0,0,0,0,0,0,
Indiana,IN,18,2018,0,0,0,,,0,0,0,0,0,0,0,0,0,0,0,,0,0,,0,0,0,0,0,0,0,
Indiana,IN,18,2019,0,0,0,,,0,0,0,0,0,0,0,0,0,0,0,,0,0,,0,0,0,0,0,0,0,
Indiana,IN,18,2020,0,0,0,,,0,0,0,0,0,0,0,0,0,0,0,,0,0,,0,0,0,0,0,0,0,
Indiana,IN,18,2021,0,0,0,,,0,0,0,0,0,0,0,2,0,2,0,2021.0,0,0,,0,0,0,0,0,0,0,
Indiana,IN,18,2022,0,0,1,,2022.0,0,0,0,0,0,0,0,15,2,11,0,2021.0,0,0,,1,0,0,0,0,0,0,
Indiana,IN,18,2023,1,1,1,2023.0,2022.0,1,1,1,0,0,0,3,32,2,26,0,2021.0,0,0,,1,0,0,0,0,0,0,
Indiana,IN,18,2024,1,1,1,2023.0,2022.0,1,1,1,0,0,0,3,45,3,32,1,2021.0,0,0,,1,0,0,0,0,0,0,
Indiana,IN,18,2025,1,1,1,2023.0,2022.0,1,1,1,0,0,0,3,48,3,35,1,2021.0,0,0,,1,0,0,0,0,0,0,
Iowa,IA,19,2010,0,0,0,,,0,0,0,0,0,0,0,0,0,0,0,,0,0,,0,0,0,0,0,0,0,
Iowa,IA,19,2011,0,0,0,,,0,0,0,0,0,0,0,0,0,0,0,,0,0,,0,0,0,0,0,0,0,
Iowa,IA,19,2012,0,0,0,,,0,0,0,0,0,0,0,0,0,0,0,,0,0,,0,0,0,0,0,0,0,
Iowa,IA,19,2013,0,0,0,,,0,0,0,0,0,0,0,0,0,0,0,,0,0,,0,0,0,0,0,0,0,
Iowa,IA,19,2014,0,0,0,,,0,0,0,0,0,0,0,0,0,0,0,,0,0,,0,0,0,0,0,0,0,
Iowa,IA,19,2015,0,0,0,,,0,0,0,0,0,0,0,0,0,0,0,,0,0,,0,0,0,0,0,0,0,
Iowa,IA,19,2016,0,0,0,,,0,0,0,0,0,0,0,0,0,0,0,,0,0,,0,0,0,0,0,0,0,
Iowa,IA,19,2017,0,0,0,,,0,0,0,0,0,0,0,0,0,0,0,,0,0,,0,0,0,0,0,0,0,
Iowa,IA,19,2018,0,0,0,,,0,0,0,0,0,0,0,0,0,0,0,,0,0,,0,0,0,0,0,0,0,
Iowa,IA,19,2019,0,0,0,,,0,0,0,0,0,0,0,0,0,0,0,,0,0,,0,0,0,0,0,0,0,
Iowa,IA,19,2020,0,0,0,,,0,0,0,0,0,0,0,0,0,0,0,,0,0,,0,0,0,0,0,0,0,
Iowa,IA,19,2021,0,0,1,,2021.0,0,0,0,0,0,0,0,0,0,0,0,,0,0,,0,0,0,0,0,0,0,
Iowa,IA,19,2022,0,0,1,,2021.0,0,0,0,0,0,0,0,0,0,0,0,,0,0,,0,0,0,0,0,0,0,
Iowa,IA,19,2023,0,0,1,,2021.0,0,0,0,0,0,0,0,16,0,14,0,2023.0,0,0,,0,1,0,0,0,0,0,
Iowa,IA,19,2024,0,0,1,,2021.0,0,1,0,0,0,0,1,26,1,20,0,2023.0,0,0,,0,1,0,0,0,0,0,
Iowa,IA,19,2025,0,0,1,,2021.0,0,1,0,0,0,0,1,30,1,24,0,2023.0,0,0,,0,1,0,0,0,0,0,
Kansas,KS,20,2010,0,0,0,,,0,0,0,0,0,0,0,0,0,0,0,,0,0,,0,0,0,0,0,0,0,
Kansas,KS,20,2011,0,0,0,,,0,0,0,0,0,0,0,0,0,0,0,,0,0,,0,0,0,0,0,0,0,
Kansas,KS,20,2012,0,0,0,,,0,0,0,0,0,0,0,0,0,0,0,,0,0,,0,0,0,0,0,0,0,
Kansas,KS,20,2013,0,0,0,,,0,0,0,0,0,0,0,0,0,0,0,,0,0,,0,0,0,0,0,0,0,
Kansas,KS,20,2014,0,0,0,,,0,0,0,0,0,0,0,0,0,0,0,,0,0,,0,0,0,0,0,0,0,
Kansas,KS,20,2015,0,0,0,,,0,0,0,0,0,0,0,0,0,0,0,,0,0,,0,0,0,0,0,0,0,
Kansas,KS,20,2016,0,0,0,,,0,0,0,0,0,0,0,0,0,0,0,,0,0,,0,0,0,0,0,0,0,
Kansas,KS,20,2017,0,0,0,,,0,0,0,0,0,0,0,0,0,0,0,,0,0,,0,0,0,0,0,0,0,
Kansas,KS,20,2018,0,0,0,,,0,0,0,0,0,0,0,0,0,0,0,,0,0,,0,0,0,0,0,0,0,
Kansas,KS,20,2019,0,0,0,,,0,0,0,0,0,0,0,0,0,0,0,,0,0,,0,0,0,0,0,0,0,
Kansas,KS,20,2020,0,0,0,,,0,0,0,0,0,0,0,0,0,0,0,,0,0,,0,0,0,0,0,0,0,
Kansas,KS,20,2021,0,0,0,,,0,0,0,0,0,0,0,1,0,1,0,2021.0,0,0,,0,0,0,0,0,0,0,
Kansas,KS,20,2022,0,0,1,,2022.0,0,0,0,0,0,0,0,8,2,6,0,2021.0,0,0,,1,0,0,0,0,0,0,
Kansas,KS,20,2023,1,1,1,2023.0,2022.0,1,0,1,0,0,0,2,21,2,18,0,2021.0,0,0,,1,0,0,0,0,0,0,
Kansas,KS,20,2024,1,1,1,2023.0,2022.0,1,0,1,0,0,0,2,28,2,23,0,2021.0,0,0,,1,0,0,0,0,0,0,
Kansas,KS,20,2025,1,1,1,2023.0,2022.0,1,0,1,0,0,0,2,31,2,26,0,2021.0,0,0,,1,0,0,0,0,0,0,
Kentucky,KY,21,2010,0,0,0,,,0,0,0,0,0,0,0,0,0,0,0,,0,0,,0,0,0,0,0,0,0,
Kentucky,KY,21,2011,0,0,0,,,0,0,0,0,0,0,0,0,0,0,0,,0,0,,0,0,0,0,0,0,0,
Kentucky,KY,21,2012,0,0,0,,,0,0,0,0,0,0,0,0,0,0,0,,0,0,,0,0,0,0,0,0,0,
Kentucky,KY,21,2013,0,0,0,,,0,0,0,0,0,0,0,0,0,0,0,,0,0,,0,0,0,0,0,0,0,
Kentucky,KY,21,2014,0,0,0,,,0,0,0,0,0,0,0,0,0,0,0,,0,0,,0,0,0,0,0,0,0,
Kentucky,KY,21,2015,0,0,0,,,0,0,0,0,0,0,0,0,0,0,0,,0,0,,0,0,0,0,0,0,0,
Kentucky,KY,21,2016,0,0,0,,,0,0,0,0,0,0,0,0,0,0,0,,0,0,,0,0,0,0,0,0,0,
Kentucky,KY,21,2017,0,0,0,,,0,0,0,0,0,0,0,0,0,0,0,,0,0,,0,0,0,0,0,0,0,
Kentucky,KY,21,2018,0,0,0,,,0,0,0,0,0,0,0,0,0,0,0,,0,0,,0,0,0,0,0,0,0,
Kentucky,KY,21,2019,0,0,0,,,0,0,0,0,0,0,0,0,0,0,0,,0,0,,0,0,0,0,0,0,0,
Kentucky,KY,21,2020,0,0,0,,,0,0,0,0,0,0,0,0,0,0,0,,0,0,,0,0,0,0,0,0,0,
Kentucky,KY,21,2021,0,0,0,,,0,0,0,0,0,0,0,4,0,4,0,2021.0,0,0,,0,0,0,0,0,0,0,
Kentucky,KY,21,2022,1,1,1,2022.0,2022.0,1,1,0,0,0,0,2,21,2,16,0,2021.0,0,0,,1,0,0,0,0,0,0,
Kentucky,KY,21,2023,1,2,1,2022.0,2022.0,1,1,1,0,0,0,3,32,2,24,0,2021.0,0,1,2023.0,1,0,0,0,0,0,0,
Kentucky,KY,21,2024,1,2,1,2022.0,2022.0,1,1,1,0,0,0,3,37,2,28,0,2021.0,0,1,2023.0,1,0,0,0,0,0,0,
Kentucky,KY,21,2025,1,3,1,2022.0,2022.0,1,1,1,0,0,0,3,38,2,29,0,2021.0,0,1,2023.0,1,0,0,0,0,0,0,
Louisiana,LA,22,2010,0,0,0,,,0,0,0,0,0,0,0,0,0,0,0,,0,0,,0,0,0,0,0,0,0,
Louisiana,LA,22,2011,0,0,0,,,0,0,0,0,0,0,0,0,0,0,0,,0,0,,0,0,0,0,0,0,0,
Louisiana,LA,22,2012,0,0,0,,,0,0,0,0,0,0,0,0,0,0,0,,0,0,,0,0,0,0,0,0,0,
Louisiana,LA,22,2013,0,0,0,,,0,0,0,0,0,0,0,0,0,0,0,,0,0,,0,0,0,0,0,0,0,
Louisiana,LA,22,2014,0,0,0,,,0,0,0,0,0,0,0,0,0,0,0,,0,0,,0,0,0,0,0,0,0,
Louisiana,LA,22,2015,0,0,0,,,0,0,0,0,0,0,0,0,0,0,0,,0,0,,0,0,0,0,0,0,0,
Louisiana,LA,22,2016,0,0,0,,,0,0,0,0,0,0,0,0,0,0,0,,0,0,,0,0,0,0,0,0,0,
Louisiana,LA,22,2017,0,0,0,,,0,0,0,0,0,0,0,0,0,0,0,,0,0,,0,0,0,0,0,0,0,
Louisiana,LA,22,2018,0,0,0,,,0,0,0,0,0,0,0,1,0,0,0,2018.0,0,1,2018.0,0,0,0,0,0,0,0,
Louisiana,LA,22,2019,0,0,0,,,0,0,0,0,0,0,0,1,0,0,0,2018.0,0,1,2018.0,0,0,0,0,0,0,0,
Louisiana,LA,22,2020,0,0,0,,,0,0,0,0,0,0,0,2,0,0,0,2018.0,0,1,2018.0,0,0,0,0,0,0,0,
Louisiana,LA,22,2021,0,0,1,,2021.0,0,0,0,0,0,0,0,6,0,3,0,2018.0,0,1,2018.0,0,0,0,0,0,0,0,
Louisiana,LA,22,2022,0,0,1,,2021.0,0,0,0,0,0,0,0,22,2,14,1,2018.0,0,1,2018.0,1,0,0,0,0,0,0,
Louisiana,LA,22,2023,0,0,1,,2021.0,0,0,0,0,0,0,0,39,3,27,1,2018.0,0,1,2018.0,1,0,0,0,0,0,0,
Louisiana,LA,22,2024,1,1,1,2024.0,2021.0,0,1,0,0,0,0,1,49,4,33,1,2018.0,0,1,2018.0,1,0,0,0,0,0,0,
Louisiana,LA,22,2025,1,1,1,2024.0,2021.0,0,1,0,0,0,0,1,51,4,35,1,2018.0,0,1,2018.0,1,0,0,0,0,0,0,
Maine,ME,23,2010,0,0,0,,,0,0,0,0,0,0,0,0,0,0,0,,0,0,,0,0,0,0,0,0,0,
Maine,ME,23,2011,0,0,0,,,0,0,0,0,0,0,0,0,0,0,0,,0,0,,0,0,0,0,0,0,0,
Maine,ME,23,2012,0,0,0,,,0,0,0,0,0,0,0,0,0,0,0,,0,0,,0,0,0,0,0,0,0,
Maine,ME,23,2013,0,0,0,,,0,0,0,0,0,0,0,0,0,0,0,,0,0,,0,0,0,0,0,0,0,
Maine,ME,23,2014,0,0,0,,,0,0,0,0,0,0,0,0,0,0,0,,0,0,,0,0,0,0,0,0,0,
Maine,ME,23,2015,0,0,0,,,0,0,0,0,0,0,0,0,0,0,0,,0,0,,0,0,0,0,0,0,0,
Maine,ME,23,2016,0,0,0,,,0,0,0,0,0,0,0,0,0,0,0,,0,0,,0,0,0,0,0,0,0,
Maine,ME,23,2017,0,0,0,,,0,0,0,0,0,0,0,0,0,0,0,,0,0,,0,0,0,0,0,0,0,
Maine,ME,23,2018,0,0,0,,,0,0,0,0,0,0,0,0,0,0,0,,0,0,,0,0,0,0,0,0,0,
Maine,ME,23,2019,0,0,0,,,0,0,0,0,0,0,0,0,0,0,0,,0,0,,0,0,0,0,0,0,0,
Maine,ME,23,2020,0,0,0,,,0,0,0,0,0,0,0,0,0,0,0,,0,0,,0,0,0,0,0,0,0,
Maine,ME,23,2021,0,0,0,,,0,0,0,0,0,0,0,0,0,0,0,,0,0,,0,0,1,0,0,0,0,2021.0
Maine,ME,23,2022,0,0,0,,,0,0,0,0,0,0,0,0,0,0,0,,0,0,,0,0,1,0,0,0,1,2021.0
Maine,ME,23,2023,0,0,1,,2023.0,0,0,0,0,0,0,0,0,0,0,0,,0,0,,0,0,1,0,0,0,1,2021.0
Maine,ME,23,2024,0,0,1,,2023.0,0,0,0,0,0,0,0,0,0,0,0,,0,0,,0,0,1,0,0,0,1,2021.0
Maine,ME,23,2025,0,0,1,,2023.0,0,0,0,0,0,0,0,0,0,0,0,,0,0,,0,0,1,0,0,0,1,2021.0
Maryland,MD,24,2010,0,0,0,,,0,0,0,0,0,0,0,0,0,0,0,,0,0,,0,0,0,0,0,0,0,
Maryland,MD,24,2011,0,0,0,,,0,0,0,0,0,0,0,0,0,0,0,,0,0,,0,0,0,0,0,0,0,
Maryland,MD,24,2012,0,0,0,,,0,0,0,0,0,0,0,0,0,0,0,,0,0,,0,0,0,0,0,0,0,
Maryland,MD,24,2013,0,0,0,,,0,0,0,0,0,0,0,0,0,0,0,,0,0,,0,0,0,0,0,0,0,
Maryland,MD,24,2014,0,0,0,,,0,0,0,0,0,0,0,0,0,0,0,,0,0,,0,0,0,0,0,0,0,
Maryland,MD,24,2015,0,0,0,,,0,0,0,0,0,0,0,0,0,0,0,,0,0,,0,0,0,0,0,0,0,
Maryland,MD,24,2016,0,0,0,,,0,0,0,0,0,0,0,0,0,0,0,,0,0,,0,0,0,0,0,0,0,
Maryland,MD,24,2017,0,0,0,,,0,0,0,0,0,0,0,0,0,0,0,,0,0,,0,0,0,0,0,0,0,
Maryland,MD,24,2018,0,0,0,,,0,0,0,0,0,0,0,0,0,0,0,,0,0,,0,0,0,0,0,0,0,
Maryland,MD,24,2019,0,0,0,,,0,0,0,0,0,0,0,0,0,0,0,,0,0,,0,0,0,0,0,0,0,
Maryland,MD,24,2020,0,0,0,,,0,0,0,0,0,0,0,0,0,0,0,,0,0,,0,0,0,0,0,0,0,
Maryland,MD,24,2021,0,0,0,,,0,0,0,0,0,0,0,0,0,0,0,,0,0,,0,0,0,0,0,0,0,
Maryland,MD,24,2022,0,0,0,,,0,0,0,0,0,0,0,0,0,0,0,,0,0,,0,0,1,0,0,0,0,2022.0
Maryland,MD,24,2023,0,0,0,,,0,0,0,0,0,0,0,0,0,0,0,,0,0,,0,0,1,0,0,0,0,2022.0
Maryland,MD,24,2024,0,0,0,,,0,0,0,0,0,0,0,0,0,0,0,,0,0,,0,0,1,0,0,0,0,2022.0
Maryland,MD,24,2025,0,0,0,,,0,0,0,0,0,0,0,0,0,0,0,,0,0,,0,0,1,0,0,0,0,2022.0
Massachusetts,MA,25,2010,0,0,0,,,0,0,0,0,0,0,0,0,0,0,0,,0,0,,0,0,0,0,0,0,0,
Massachusetts,MA,25,2011,0,0,0,,,0,0,0,0,0,0,0,0,0,0,0,,0,0,,0,0,0,0,0,0,0,
Massachusetts,MA,25,2012,0,0,0,,,0,0,0,0,0,0,0,0,0,0,0,,0,0,,0,0,0,0,0,0,0,
Massachusetts,MA,25,2013,0,0,0,,,0,0,0,0,0,0,0,0,0,0,0,,0,0,,0,0,0,0,0,0,0,
Massachusetts,MA,25,2014,0,0,0,,,0,0,0,0,0,0,0,0,0,0,0,,0,0,,0,0,0,0,0,0,0,
Massachusetts,MA,25,2015,0,0,0,,,0,0,0,0,0,0,0,0,0,0,0,,0,0,,0,0,0,0,0,0,0,
Massachusetts,MA,25,2016,0,0,0,,,0,0,0,0,0,0,0,0,0,0,0,,0,0,,0,0,0,0,0,0,0,
Massachusetts,MA,25,2017,0,0,0,,,0,0,0,0,0,0,0,0,0,0,0,,0,0,,0,0,0,0,0,0,0,
Massachusetts,MA,25,2018,0,0,0,,,0,0,0,0,0,0,0,0,0,0,0,,0,0,,0,0,0,0,0,0,0,
Massachusetts,MA,25,2019,0,0,0,,,0,0,0,0,0,0,0,0,0,0,0,,0,0,,0,0,0,0,0,0,0,
Massachusetts,MA,25,2020,0,0,0,,,0,0,0,0,0,0,0,0,0,0,0,,0,0,,0,0,0,0,0,0,0,
Massachusetts,MA,25,2021,0,0,0,,,0,0,0,0,0,0,0,0,0,0,0,,0,0,,0,0,0,0,0,0,0,
Massachusetts,MA,25,2022,0,0,0,,,0,0,0,0,0,0,0,0,0,0,0,,0,0,,0,0,0,0,0,0,0,
Massachusetts,MA,25,2023,0,0,0,,,0,0,0,0,0,0,0,0,0,0,0,,0,0,,0,0,0,0,0,0,0,
Massachusetts,MA,25,2024,0,0,0,,,0,0,0,0,0,0,0,0,0,0,0,,0,0,,0,0,1,0,0,0,0,2024.0
Massachusetts,MA,25,2025,0,0,0,,,0,0,0,0,0,0,0,0,0,0,0,,0,0,,0,0,1,0,0,0,0,2024.0
Michigan,MI,26,2010,0,0,0,,,0,0,0,0,0,0,0,0,0,0,0,,0,0,,0,0,0,0,0,0,0,
Michigan,MI,26,2011,0,0,0,,,0,0,0,0,0,0,0,0,0,0,0,,0,0,,0,0,0,0,0,0,0,
Michigan,MI,26,2012,0,0,0,,,0,0,0,0,0,0,0,0,0,0,0,,0,0,,0,0,0,0,0,0,0,
Michigan,MI,26,2013,0,0,0,,,0,0,0,0,0,0,0,0,0,0,0,,0,0,,0,0,0,0,0,0,0,
Michigan,MI,26,2014,0,0,0,,,0,0,0,0,0,0,0,0,0,0,0,,0,0,,0,0,0,0,0,0,0,
Michigan,MI,26,2015,0,0,0,,,0,0,0,0,0,0,0,0,0,0,0,,0,0,,0,0,0,0,0,0,0,
Michigan,MI,26,2016,0,0,0,,,0,0,0,0,0,0,0,0,0,0,0,,0,0,,0,0,0,0,0,0,0,
Michigan,MI,26,2017,0,0,0,,,0,0,0,0,0,0,0,0,0,0,0,,0,0,,0,0,0,0,0,0,0,
Michigan,MI,26,2018,0,0,0,,,0,0,0,0,0,0,0,0,0,0,0,,0,0,,0,0,0,0,0,0,0,
Michigan,MI,26,2019,0,0,0,,,0,0,0,0,0,0,0,0,0,0,0,,0,0,,0,0,0,0,0,0,0,
Michigan,MI,26,2020,0,0,0,,,0,0,0,0,0,0,0,0,0,0,0,,0,0,,0,0,0,0,0,0,0,
Michigan,MI,26,2021,0,0,0,,,0,0,0,0,0,0,0,0,0,0,0,,0,0,,0,0,0,0,0,0,0,
Michigan,MI,26,2022,0,0,1,,2022.0,0,0,0,0,0,0,0,0,0,0,0,,0,0,,0,0,0,0,0,0,0,
Michigan,MI,26,2023,0,0,1,,2022.0,0,0,0,0,0,0,0,0,0,0,0,,0,0,,0,0,0,0,0,0,0,
Michigan,MI,26,2024,0,0,1,,2022.0,0,0,0,0,0,0,0,0,0,0,0,,0,0,,0,0,0,0,0,0,0,
Michigan,MI,26,2025,0,0,1,,2022.0,0,0,0,0,0,0,0,0,0,0,0,,0,0,,0,0,0,0,0,0,0,
Minnesota,MN,27,2010,0,0,0,,,0,0,0,0,0,0,0,0,0,0,0,,0,0,,0,0,0,0,0,0,0,
Minnesota,MN,27,2011,0,0,0,,,0,0,0,0,0,0,0,0,0,0,0,,0,0,,0,0,0,0,0,0,0,
Minnesota,MN,27,2012,0,0,0,,,0,0,0,0,0,0,0,0,0,0,0,,0,0,,0,0,0,0,0,0,0,
Minnesota,MN,27,2013,0,0,0,,,0,0,0,0,0,0,0,0,0,0,0,,0,0,,0,0,0,0,0,0,0,
Minnesota,MN,27,2014,0,0,0,,,0,0,0,0,0,0,0,0,0,0,0,,0,0,,0,0,0,0,0,0,0,
Minnesota,MN,27,2015,0,0,0,,,0,0,0,0,0,0,0,0,0,0,0,,0,0,,0,0,0,0,0,0,0,
Minnesota,MN,27,2016,0,0,0,,,0,0,0,0,0,0,0,0,0,0,0,,0,0,,0,0,0,0,0,0,0,
Minnesota,MN,27,2017,0,0,0,,,0,0,0,0,0,0,0,0,0,0,0,,0,0,,0,0,0,0,0,0,0,
Minnesota,MN,27,2018,0,0,0,,,0,0,0,0,0,0,0,0,0,0,0,,0,0,,0,0,0,0,0,0,0,
Minnesota,MN,27,2019,0,0,0,,,0,0,0,0,0,0,0,0,0,0,0,,0,0,,0,0,0,0,0,0,0,
Minnesota,MN,27,2020,0,0,0,,,0,0,0,0,0,0,0,0,0,0,0,,0,0,,0,0,0,0,0,0,0,
Minnesota,MN,27,2021,0,0,1,,2021.0,0,0,0,0,0,0,0,0,0,0,0,,0,0,,0,0,0,0,0,0,0,
Minnesota,MN,27,2022,0,0,1,,2021.0,0,0,0,0,0,0,0,0,0,0,0,,0,0,,0,0,1,0,0,1,0,2022.0
Minnesota,MN,27,2023,0,0,1,,2021.0,0,0,0,0,0,0,0,0,0,0,0,,0,0,,0,0,1,0,0,1,0,2022.0
Minnesota,MN,27,2024,0,0,1,,2021.0,0,0,0,0,0,0,0,0,0,0,0,,0,0,,0,0,1,0,0,1,0,2022.0
Minnesota,MN,27,2025,0,0,1,,2021.0,0,0,0,0,0,0,0,0,0,0,0,,0,0,,0,0,1,0,0,1,0,2022.0
Mississippi,MS,28,2010,0,0,0,,,0,0,0,0,0,0,0,0,0,0,0,,0,0,,0,0,0,0,0,0,0,
Mississippi,MS,28,2011,0,0,0,,,0,0,0,0,0,0,0,0,0,0,0,,0,0,,0,0,0,0,0,0,0,
Mississippi,MS,28,2012,0,0,0,,,0,0,0,0,0,0,0,0,0,0,0,,0,0,,0,0,0,0,0,0,0,
Mississippi,MS,28,2013,0,0,0,,,0,0,0,0,0,0,0,0,0,0,0,,0,0,,0,0,0,0,0,0,0,
Mississippi,MS,28,2014,0,0,0,,,0,0,0,0,0,0,0,0,0,0,0,,0,0,,0,0,0,0,0,0,0,
Mississippi,MS,28,2015,0,0,0,,,0,0,0,0,0,0,0,0,0,0,0,,0,0,,0,0,0,0,0,0,0,
Mississippi,MS,28,2016,0,0,0,,,0,0,0,0,0,0,0,0,0,0,0,,0,0,,0,0,0,0,0,0,0,
Mississippi,MS,28,2017,0,0,0,,,0,0,0,0,0,0,0,0,0,0,0,,0,0,,0,0,0,0,0,0,0,
Mississippi,MS,28,2018,0,0,0,,,0,0,0,0,0,0,0,0,0,0,0,,0,0,,0,0,0,0,0,0,0,
Mississippi,MS,28,2019,0,0,0,,,0,0,0,0,0,0,0,0,0,0,0,,0,0,,0,0,0,0,0,0,0,
Mississippi,MS,28,2020,0,0,0,,,0,0,0,0,0,0,0,0,0,0,0,,0,0,,0,0,0,0,0,0,0,
Mississippi,MS,28,2021,0,0,0,,,0,0,0,0,0,0,0,3,0,3,0,2021.0,0,0,,0,0,0,0,0,0,0,
Mississippi,MS,28,2022,0,0,0,,,0,0,0,0,0,0,0,18,2,15,0,2021.0,0,0,,1,0,0,0,0,0,0,
Mississippi,MS,28,2023,0,0,1,,2023.0,0,0,0,0,0,0,0,35,2,30,0,2021.0,0,0,,1,1,0,0,0,0,0,
Mississippi,MS,28,2024,0,0,1,,2023.0,1,0,0,0,0,0,1,46,3,37,0,2021.0,0,0,,1,1,0,0,0,0,0,
Mississippi,MS,28,2025,0,0,1,,2023.0,1,0,0,0,0,0,1,48,3,39,0,2021.0,0,0,,1,1,0,0,0,0,0,
Missouri,MO,29,2010,0,0,0,,,0,0,0,0,0,0,0,0,0,0,0,,0,0,,0,0,0,0,0,0,0,
Missouri,MO,29,2011,0,0,0,,,0,0,0,0,0,0,0,0,0,0,0,,0,0,,0,0,0,0,0,0,0,
Missouri,MO,29,2012,0,0,0,,,0,0,0,0,0,0,0,0,0,0,0,,0,0,,0,0,0,0,0,0,0,
Missouri,MO,29,2013,0,0,0,,,0,0,0,0,0,0,0,0,0,0,0,,0,0,,0,0,0,0,0,0,0,
Missouri,MO,29,2014,0,0,0,,,0,0,0,0,0,0,0,0,0,0,0,,0,0,,0,0,0,0,0,0,0,
Missouri,MO,29,2015,0,0,0,,,0,0,0,0,0,0,0,0,0,0,0,,0,0,,0,0,0,0,0,0,0,
Missouri,MO,29,2016,0,0,0,,,0,0,0,0,0,0,0,0,0,0,0,,0,0,,0,0,0,0,0,0,0,
Missouri,MO,29,2017,0,0,0,,,0,0,0,0,0,0,0,0,0,0,0,,0,0,,0,0,0,0,0,0,0,
Missouri,MO,29,2018,0,0,0,,,0,0,0,0,0,0,0,0,0,0,0,,0,0,,0,0,0,0,0,0,0,
Missouri,MO,29,2019,0,0,0,,,0,0,0,0,0,0,0,0,0,0,0,,0,0,,0,0,0,0,0,0,0,
Missouri,MO,29,2020,0,0,0,,,0,0,0,0,0,0,0,0,0,0,0,,0,0,,0,0,0,0,0,0,0,
Missouri,MO,29,2021,0,0,1,,2021.0,0,0,0,0,0,0,0,4,0,4,0,2021.0,0,0,,0,0,0,0,0,0,0,
Missouri,MO,29,2022,0,0,1,,2021.0,0,0,0,0,0,0,0,17,1,14,1,2021.0,0,0,,1,0,0,0,0,0,0,
Missouri,MO,29,2023,0,0,1,,2021.0,0,0,0,0,0,0,0,35,1,29,1,2021.0,0,0,,1,1,0,0,0,0,0,
Missouri,MO,29,2024,0,0,1,,2021.0,0,0,0,0,0,0,0,46,2,35,1,2021.0,0,0,,1,1,0,0,0,0,0,
Missouri,MO,29,2025,1,1,1,2025.0,2021.0,1,0,1,0,0,0,2,49,2,38,1,2021.0,0,0,,1,1,0,0,0,0,0,
Montana,MT,30,2010,0,0,0,,,0,0,0,0,0,0,0,0,0,0,0,,0,0,,0,0,0,0,0,0,0,
Montana,MT,30,2011,0,0,0,,,0,0,0,0,0,0,0,0,0,0,0,,0,0,,0,0,0,0,0,0,0,
Montana,MT,30,2012,0,0,0,,,0,0,0,0,0,0,0,0,0,0,0,,0,0,,0,0,0,0,0,0,0,
Montana,MT,30,2013,0,0,0,,,0,0,0,0,0,0,0,0,0,0,0,,0,0,,0,0,0,0,0,0,0,
Montana,MT,30,2014,0,0,0,,,0,0,0,0,0,0,0,0,0,0,0,,0,0,,0,0,0,0,0,0,0,
Montana,MT,30,2015,0,0,0,,,0,0,0,0,0,0,0,0,0,0,0,,0,0,,0,0,0,0,0,0,0,
Montana,MT,30,2016,0,0,0,,,0,0,0,0,0,0,0,0,0,0,0,,0,0,,0,0,0,0,0,0,0,
Montana,MT,30,2017,0,0,0,,,0,0,0,0,0,0,0,0,0,0,0,,0,0,,0,0,0,0,0,0,0,
Montana,MT,30,2018,0,0,0,,,0,0,0,0,0,0,0,0,0,0,0,,0,0,,0,0,0,0,0,0,0,
Montana,MT,30,2019,0,0,0,,,0,0,0,0,0,0,0,0,0,0,0,,0,0,,0,0,0,0,0,0,0,
Montana,MT,30,2020,0,0,0,,,0,0,0,0,0,0,0,0,0,0,0,,0,0,,0,0,0,0,0,0,0,
Montana,MT,30,2021,1,1,1,2021.0,2021.0,0,0,0,0,0,0,0,1,0,1,0,2021.0,0,0,,0,0,0,0,0,0,0,
Montana,MT,30,2022,1,1,1,2021.0,2021.0,0,0,0,0,0,0,0,9,1,7,0,2021.0,0,0,,1,0,0,0,0,0,0,
Montana,MT,30,2023,1,3,1,2021.0,2021.0,1,1,1,0,0,0,3,23,1,18,0,2021.0,0,0,,1,1,0,0,0,0,0,
Montana,MT,30,2024,1,3,1,2021.0,2021.0,1,1,1,0,0,0,3,30,2,22,0,2021.0,0,0,,1,1,0,0,0,0,0,
Montana,MT,30,2025,1,3,1,2021.0,2021.0,1,1,1,0,0,0,3,31,2,23,0,2021.0,0,0,,1,1,0,0,0,0,0,
Nebraska,NE,31,2010,0,0,0,,,0,0,0,0,0,0,0,0,0,0,0,,0,0,,0,0,0,0,0,0,0,
Nebraska,NE,31,2011,0,0,0,,,0,0,0,0,0,0,0,0,0,0,0,,0,0,,0,0,0,0,0,0,0,
Nebraska,NE,31,2012,0,0,0,,,0,0,0,0,0,0,0,0,0,0,0,,0,0,,0,0,0,0,0,0,0,
Nebraska,NE,31,2013,0,0,0,,,0,0,0,0,0,0,0,0,0,0,0,,0,0,,0,0,0,0,0,0,0,
Nebraska,NE,31,2014,0,0,0,,,0,0,0,0,0,0,0,0,0,0,0,,0,0,,0,0,0,0,0,0,0,
Nebraska,NE,31,2015,0,0,0,,,0,0,0,0,0,0,0,0,0,0,0,,0,0,,0,0,0,0,0,0,0,
Nebraska,NE,31,2016,0,0,0,,,0,0,0,0,0,0,0,0,0,0,0,,0,0,,0,0,0,0,0,0,0,
Nebraska,NE,31,2017,0,0,0,,,0,0,0,0,0,0,0,0,0,0,0,,0,0,,0,0,0,0,0,0,0,
Nebraska,NE,31,2018,0,0,0,,,0,0,0,0,0,0,0,0,0,0,0,,0,0,,0,0,0,0,0,0,0,
Nebraska,NE,31,2019,0,0,0,,,0,0,0,0,0,0,0,0,0,0,0,,0,0,,0,0,0,0,0,0,0,
Nebraska,NE,31,2020,0,0,0,,,0,0,0,0,0,0,0,0,0,0,0,,0,0,,0,0,0,0,0,0,0,
Nebraska,NE,31,2021,0,0,0,,,0,0,0,0,0,0,0,4,0,4,0,2021.0,0,0,,0,0,0,0,0,0,0,
Nebraska,NE,31,2022,0,0,0,,,0,0,0,0,0,0,0,18,2,14,0,2021.0,0,0,,1,0,0,0,0,0,0,
Nebraska,NE,31,2023,0,0,1,,2023.0,0,0,0,0,0,0,0,29,2,23,0,2021.0,0,0,,1,1,0,0,0,0,0,
Nebraska,NE,31,2024,0,0,1,,2023.0,0,1,0,0,0,0,1,38,3,29,0,2021.0,0,0,,1,1,0,0,0,0,0,
Nebraska,NE,31,2025,0,0,1,,2023.0,0,1,0,0,0,0,1,41,3,32,0,2021.0,0,0,,1,1,0,0,0,0,0,
Nevada,NV,32,2010,0,0,0,,,0,0,0,0,0,0,0,0,0,0,0,,0,0,,0,0,0,0,0,0,0,
Nevada,NV,32,2011,0,0,0,,,0,0,0,0,0,0,0,0,0,0,0,,0,0,,0,0,0,0,0,0,0,
Nevada,NV,32,2012,0,0,0,,,0,0,0,0,0,0,0,0,0,0,0,,0,0,,0,0,0,0,0,0,0,
Nevada,NV,32,2013,0,0,0,,,0,0,0,0,0,0,0,0,0,0,0,,0,0,,0,0,0,0,0,0,0,
Nevada,NV,32,2014,0,0,0,,,0,0,0,0,0,0,0,0,0,0,0,,0,0,,0,0,0,0,0,0,0,
Nevada,NV,32,2015,0,0,0,,,0,0,0,0,0,0,0,0,0,0,0,,0,0,,0,0,0,0,0,0,0,
Nevada,NV,32,2016,0,0,0,,,0,0,0,0,0,0,0,0,0,0,0,,0,0,,0,0,0,0,0,0,0,
Nevada,NV,32,2017,0,0,0,,,0,0,0,0,0,0,0,0,0,0,0,,0,0,,0,0,0,0,0,0,0,
Nevada,NV,32,2018,0,0,0,,,0,0,0,0,0,0,0,0,0,0,0,,0,0,,0,0,0,0,0,0,0,
Nevada,NV,32,2019,0,0,0,,,0,0,0,0,0,0,0,0,0,0,0,,0,0,,0,0,0,0,0,0,0,
Nevada,NV,32,2020,0,0,0,,,0,0,0,0,0,0,0,0,0,0,0,,0,0,,0,0,0,0,0,0,0,
Nevada,NV,32,2021,0,0,0,,,0,0,0,0,0,0,0,0,0,0,0,,0,0,,0,0,0,0,0,0,0,
Nevada,NV,32,2022,0,0,0,,,0,0,0,0,0,0,0,0,0,0,0,,0,0,,0,0,0,0,0,0,0,
Nevada,NV,32,2023,0,0,1,,2023.0,0,0,0,0,0,0,0,0,0,0,0,,0,0,,0,0,0,0,0,0,0,
Nevada,NV,32,2024,0,0,1,,2023.0,0,0,0,0,0,0,0,2,0,2,0,2024.0,0,0,,0,0,0,0,0,0,0,
Nevada,NV,32,2025,0,0,1,,2023.0,0,0,0,0,0,0,0,2,0,2,0,2024.0,0,0,,0,0,0,0,0,0,0,
New Hampshire,NH,33,2010,0,0,0,,,0,0,0,0,0,0,0,0,0,0,0,,0,0,,0,0,0,0,0,0,0,
New Hampshire,NH,33,2011,0,0,0,,,0,0,0,0,0,0,0,0,0,0,0,,0,0,,0,0,0,0,0,0,0,
New Hampshire,NH,33,2012,0,0,0,,,0,0,0,0,0,0,0,0,0,0,0,,0,0,,0,0,0,0,0,0,0,
New Hampshire,NH,33,2013,0,0,0,,,0,0,0,0,0,0,0,0,0,0,0,,0,0,,0,0,0,0,0,0,0,
New Hampshire,NH,33,2014,0,0,0,,,0,0,0,0,0,0,0,0,0,0,0,,0,0,,0,0,0,0,0,0,0,
New Hampshire,NH,33,2015,0,0,0,,,0,0,0,0,0,0,0,0,0,0,0,,0,0,,0,0,0,0,0,0,0,
New Hampshire,NH,33,2016,0,0,0,,,0,0,0,0,0,0,0,0,0,0,0,,0,0,,0,0,0,0,0,0,0,
New Hampshire,NH,33,2017,0,0,0,,,0,0,0,0,0,0,0,0,0,0,0,,0,0,,0,0,0,0,0,0,0,
New Hampshire,NH,33,2018,0,0,0,,,0,0,0,0,0,0,0,0,0,0,0,,0,0,,0,0,0,0,0,0,0,
New Hampshire,NH,33,2019,0,0,0,,,0,0,0,0,0,0,0,0,0,0,0,,0,0,,0,0,0,0,0,0,0,
New Hampshire,NH,33,2020,0,0,0,,,0,0,0,0,0,0,0,0,0,0,0,,0,0,,0,0,0,0,0,0,0,
New Hampshire,NH,33,2021,0,0,0,,,0,0,0,0,0,0,0,0,0,0,0,,0,0,,0,0,0,0,0,0,0,
New Hampshire,NH,33,2022,1,1,1,2022.0,2022.0,0,0,1,0,1,0,2,0,0,0,0,,0,0,,0,0,0,0,0,0,0,
New Hampshire,NH,33,2023,1,2,1,2022.0,2022.0,0,0,1,0,1,0,2,10,0,8,0,2023.0,0,0,,0,1,0,0,0,0,0,
New Hampshire,NH,33,2024,1,2,1,2022.0,2022.0,0,0,1,0,1,0,2,14,0,10,0,2023.0,0,0,,0,1,0,0,0,0,0,
New Hampshire,NH,33,2025,1,2,1,2022.0,2022.0,1,0,1,0,1,0,3,14,0,10,0,2023.0,0,0,,0,1,0,0,0,0,0,
New Jersey,NJ,34,2010,0,0,0,,,0,0,0,0,0,0,0,0,0,0,0,,0,0,,0,0,0,0,0,0,0,
New Jersey,NJ,34,2011,0,0,0,,,0,0,0,0,0,0,0,0,0,0,0,,0,0,,0,0,0,0,0,0,0,
New Jersey,NJ,34,2012,0,0,0,,,0,0,0,0,0,0,0,0,0,0,0,,0,0,,0,0,0,0,0,0,0,
New Jersey,NJ,34,2013,0,0,0,,,0,0,0,0,0,0,0,0,0,0,0,,0,0,,0,0,0,0,0,0,0,
New Jersey,NJ,34,2014,0,0,0,,,0,0,0,0,0,0,0,0,0,0,0,,0,0,,0,0,0,0,0,0,0,
New Jersey,NJ,34,2015,0,0,0,,,0,0,0,0,0,0,0,0,0,0,0,,0,0,,0,0,0,0,0,0,0,
New Jersey,NJ,34,2016,0,0,0,,,0,0,0,0,0,0,0,0,0,0,0,,0,0,,0,0,0,0,0,0,0,
New Jersey,NJ,34,2017,0,0,0,,,0,0,0,0,0,0,0,0,0,0,0,,0,0,,0,0,0,0,0,0,0,
New Jersey,NJ,34,2018,0,0,0,,,0,0,0,0,0,0,0,0,0,0,0,,0,0,,0,0,0,0,0,0,0,
New Jersey,NJ,34,2019,0,0,0,,,0,0,0,0,0,0,0,0,0,0,0,,0,0,,0,0,0,0,0,0,0,
New Jersey,NJ,34,2020,0,0,0,,,0,0,0,0,0,0,0,0,0,0,0,,0,0,,0,0,1,1,0,0,0,2020.0
New Jersey,NJ,34,2021,0,0,0,,,0,0,0,0,0,0,0,0,0,0,0,,0,0,,0,0,1,1,0,0,0,2020.0
New Jersey,NJ,34,2022,0,0,0,,,0,0,0,0,0,0,0,0,0,0,0,,0,0,,0,0,1,1,0,0,0,2020.0
New Jersey,NJ,34,2023,0,0,0,,,0,0,0,0,0,0,0,0,0,0,0,,0,0,,0,0,1,1,0,0,0,2020.0
New Jersey,NJ,34,2024,0,0,0,,,0,0,0,0,0,0,0,0,0,0,0,,0,0,,0,0,1,1,0,0,0,2020.0
New Jersey,NJ,34,2025,0,0,0,,,0,0,0,0,0,0,0,0,0,0,0,,0,0,,0,0,1,1,0,0,0,2020.0
New Mexico,NM,35,2010,0,0,0,,,0,0,0,0,0,0,0,0,0,0,0,,0,0,,0,0,0,0,0,0,0,
New Mexico,NM,35,2011,0,0,0,,,0,0,0,0,0,0,0,0,0,0,0,,0,0,,0,0,0,0,0,0,0,
New Mexico,NM,35,2012,0,0,0,,,0,0,0,0,0,0,0,0,0,0,0,,0,0,,0,0,0,0,0,0,0,
New Mexico,NM,35,2013,0,0,0,,,0,0,0,0,0,0,0,0,0,0,0,,0,0,,0,0,0,0,0,0,0,
New Mexico,NM,35,2014,0,0,0,,,0,0,0,0,0,0,0,0,0,0,0,,0,0,,0,0,0,0,0,0,0,
New Mexico,NM,35,2015,0,0,0,,,0,0,0,0,0,0,0,0,0,0,0,,0,0,,0,0,0,0,0,0,0,
New Mexico,NM,35,2016,0,0,0,,,0,0,0,0,0,0,0,0,0,0,0,,0,0,,0,0,0,0,0,0,0,
New Mexico,NM,35,2017,0,0,0,,,0,0,0,0,0,0,0,0,0,0,0,,0,0,,0,0,0,0,0,0,0,
New Mexico,NM,35,2018,0,0,0,,,0,0,0,0,0,0,0,0,0,0,0,,0,0,,0,0,0,0,0,0,0,
New Mexico,NM,35,2019,0,0,0,,,0,0,0,0,0,0,0,0,0,0,0,,0,0,,0,0,0,0,0,0,0,
New Mexico,NM,35,2020,0,0,0,,,0,0,0,0,0,0,0,0,0,0,0,,0,0,,0,0,0,0,0,0,0,
New Mexico,NM,35,2021,0,0,0,,,0,0,0,0,0,0,0,0,0,0,0,,0,0,,0,0,0,0,0,0,0,
New Mexico,NM,35,2022,0,0,0,,,0,0,0,0,0,0,0,0,0,0,0,,0,0,,0,0,0,0,0,0,0,
New Mexico,NM,35,2023,0,0,0,,,0,0,0,0,0,0,0,0,0,0,0,,0,0,,0,0,0,0,0,0,0,
New Mexico,NM,35,2024,0,0,0,,,0,0,0,0,0,0,0,0,0,0,0,,0,0,,0,0,0,0,0,0,0,
New Mexico,NM,35,2025,0,0,0,,,0,0,0,0,0,0,0,0,0,0,0,,0,0,,0,0,0,0,0,0,0,
New York,NY,36,2010,0,0,0,,,0,0,0,0,0,0,0,0,0,0,0,,0,0,,0,0,0,0,0,0,0,
New York,NY,36,2011,0,0,0,,,0,0,0,0,0,0,0,0,0,0,0,,0,0,,0,0,0,0,0,0,0,
New York,NY,36,2012,0,0,0,,,0,0,0,0,0,0,0,0,0,0,0,,0,0,,0,0,0,0,0,0,0,
New York,NY,36,2013,0,0,0,,,0,0,0,0,0,0,0,0,0,0,0,,0,0,,0,0,0,0,0,0,0,
New York,NY,36,2014,0,0,0,,,0,0,0,0,0,0,0,0,0,0,0,,0,0,,0,0,0,0,0,0,0,
New York,NY,36,2015,0,0,0,,,0,0,0,0,0,0,0,0,0,0,0,,0,0,,0,0,0,0,0,0,0,
New York,NY,36,2016,0,0,0,,,0,0,0,0,0,0,0,0,0,0,0,,0,0,,0,0,0,0,0,0,0,
New York,NY,36,2017,0,0,0,,,0,0,0,0,0,0,0,0,0,0,0,,0,0,,0,0,0,0,0,0,0,
New York,NY,36,2018,0,0,0,,,0,0,0,0,0,0,0,0,0,0,0,,0,0,,0,0,0,0,0,0,0,
New York,NY,36,2019,0,0,0,,,0,0,0,0,0,0,0,0,0,0,0,,0,0,,0,0,0,0,0,0,0,
New York,NY,36,2020,0,0,0,,,0,0,0,0,0,0,0,0,0,0,0,,0,0,,0,0,0,0,0,0,0,
New York,NY,36,2021,0,0,0,,,0,0,0,0,0,0,0,0,0,0,0,,0,0,,0,0,1,1,0,0,0,2021.0
New York,NY,36,2022,0,0,0,,,0,0,0,0,0,0,0,0,0,0,0,,0,0,,0,0,1,1,0,0,0,2021.0
New York,NY,36,2023,0,0,1,,2023.0,0,0,0,0,0,0,0,0,0,0,0,,0,0,,0,0,1,1,0,0,0,2021.0
New York,NY,36,2024,0,0,1,,2023.0,0,0,0,0,0,0,0,0,0,0,0,,0,0,,0,0,1,1,0,0,0,2021.0
New York,NY,36,2025,0,0,1,,2023.0,0,0,0,0,0,0,0,0,0,0,0,,0,0,,0,0,1,1,0,0,0,2021.0
North Carolina,NC,37,2010,0,0,0,,,0,0,0,0,0,0,0,0,0,0,0,,0,0,,0,0,0,0,0,0,0,
North Carolina,NC,37,2011,0,0,0,,,0,0,0,0,0,0,0,0,0,0,0,,0,0,,0,0,0,0,0,0,0,
North Carolina,NC,37,2012,0,0,0,,,0,0,0,0,0,0,0,0,0,0,0,,0,0,,0,0,0,0,0,0,0,
North Carolina,NC,37,2013,0,0,0,,,0,0,0,0,0,0,0,0,0,0,0,,0,0,,0,0,0,0,0,0,0,
North Carolina,NC,37,2014,0,0,0,,,0,0,0,0,0,0,0,0,0,0,0,,0,0,,0,0,0,0,0,0,0,
North Carolina,NC,37,2015,0,0,0,,,0,0,0,0,0,0,0,0,0,0,0,,0,0,,0,0,0,0,0,0,0,
North Carolina,NC,37,2016,0,0,0,,,0,0,0,0,0,0,0,0,0,0,0,,0,0,,0,0,0,0,0,0,0,
North Carolina,NC,37,2017,0,0,0,,,0,0,0,0,0,0,0,0,0,0,0,,0,0,,0,0,0,0,0,0,0,
North Carolina,NC,37,2018,0,0,0,,,0,0,0,0,0,0,0,0,0,0,0,,0,0,,0,0,0,0,0,0,0,
North Carolina,NC,37,2019,0,0,0,,,0,0,0,0,0,0,0,0,0,0,0,,0,0,,0,0,0,0,0,0,0,
North Carolina,NC,37,2020,0,0,0,,,0,0,0,0,0,0,0,0,0,0,0,,0,0,,0,0,0,0,0,0,0,
North Carolina,NC,37,2021,0,0,0,,,0,0,0,0,0,0,0,1,0,1,0,2021.0,0,0,,0,0,0,0,0,0,0,
North Carolina,NC,37,2022,0,0,0,,,0,0,0,0,0,0,0,7,0,7,0,2021.0,0,0,,0,0,0,0,0,0,0,
North Carolina,NC,37,2023,1,1,1,2023.0,2023.0,1,0,0,1,0,0,2,11,0,10,1,2021.0,0,0,,0,0,0,0,0,0,0,
North Carolina,NC,37,2024,1,1,1,2023.0,2023.0,1,0,0,1,0,0,2,14,0,13,1,2021.0,0,0,,0,0,0,0,0,0,0,
North Carolina,NC,37,2025,1,1,1,2023.0,2023.0,1,0,0,1,0,0,2,16,0,15,1,2021.0,0,0,,0,0,0,0,0,0,0,
North Dakota,ND,38,2010,0,0,0,,,0,0,0,0,0,0,0,0,0,0,0,,0,0,,0,0,0,0,0,0,0,
North Dakota,ND,38,2011,0,0,0,,,0,0,0,0,0,0,0,0,0,0,0,,0,0,,0,0,0,0,0,0,0,
North Dakota,ND,38,2012,0,0,0,,,0,0,0,0,0,0,0,0,0,0,0,,0,0,,0,0,0,0,0,0,0,
North Dakota,ND,38,2013,0,0,0,,,0,0,0,0,0,0,0,0,0,0,0,,0,0,,0,0,0,0,0,0,0,
North Dakota,ND,38,2014,0,0,0,,,0,0,0,0,0,0,0,0,0,0,0,,0,0,,0,0,0,0,0,0,0,
North Dakota,ND,38,2015,0,0,0,,,0,0,0,0,0,0,0,0,0,0,0,,0,0,,0,0,0,0,0,0,0,
North Dakota,ND,38,2016,0,0,0,,,0,0,0,0,0,0,0,0,0,0,0,,0,0,,0,0,0,0,0,0,0,
North Dakota,ND,38,2017,0,0,0,,,0,0,0,0,0,0,0,0,0,0,0,,0,0,,0,0,0,0,0,0,0,
North Dakota,ND,38,2018,0,0,0,,,0,0,0,0,0,0,0,0,0,0,0,,0,0,,0,0,0,0,0,0,0,
North Dakota,ND,38,2019,0,0,0,,,0,0,0,0,0,0,0,0,0,0,0,,0,0,,0,0,0,0,0,0,0,
North Dakota,ND,38,2020,0,0,0,,,0,0,0,0,0,0,0,0,0,0,0,,0,0,,0,0,0,0,0,0,0,
North Dakota,ND,38,2021,1,2,1,2021.0,2021.0,0,0,0,0,0,0,0,4,0,4,0,2021.0,0,0,,0,0,0,0,0,0,0,
North Dakota,ND,38,2022,1,2,1,2021.0,2021.0,0,0,0,0,0,0,0,11,0,11,0,2021.0,0,0,,1,0,0,0,0,0,0,
North Dakota,ND,38,2023,1,3,1,2021.0,2021.0,1,1,1,0,1,0,4,19,0,18,0,2021.0,0,0,,1,1,0,0,0,0,0,
North Dakota,ND,38,2024,1,3,1,2021.0,2021.0,1,1,1,0,1,0,4,25,0,23,0,2021.0,0,0,,1,1,0,0,0,0,0,
North Dakota,ND,38,2025,1,3,1,2021.0,2021.0,1,1,1,0,1,0,4,27,0,25,0,2021.0,0,0,,1,1,0,0,0,0,0,
Ohio,OH,39,2010,0,0,0,,,0,0,0,0,0,0,0,0,0,0,0,,0,0,,0,0,0,0,0,0,0,
Ohio,OH,39,2011,0,0,0,,,0,0,0,0,0,0,0,0,0,0,0,,0,0,,0,0,0,0,0,0,0,
Ohio,OH,39,2012,0,0,0,,,0,0,0,0,0,0,0,0,0,0,0,,0,0,,0,0,0,0,0,0,0,
Ohio,OH,39,2013,0,0,0,,,0,0,0,0,0,0,0,0,0,0,0,,0,0,,0,0,0,0,0,0,0,
Ohio,OH,39,2014,0,0,0,,,0,0,0,0,0,0,0,0,0,0,0,,0,0,,0,0,0,0,0,0,0,
Ohio,OH,39,2015,0,0,0,,,0,0,0,0,0,0,0,0,0,0,0,,0,0,,0,0,0,0,0,0,0,
Ohio,OH,39,2016,0,0,0,,,0,0,0,0,0,0,0,0,0,0,0,,0,0,,0,0,0,0,0,0,0,
Ohio,OH,39,2017,0,0,0,,,0,0,0,0,0,0,0,0,0,0,0,,0,0,,0,0,0,0,0,0,0,
Ohio,OH,39,2018,0,0,0,,,0,0,0,0,0,0,0,0,0,0,0,,0,0,,0,0,0,0,0,0,0,
Ohio,OH,39,2019,0,0,0,,,0,0,0,0,0,0,0,0,0,0,0,,0,0,,0,0,0,0,0,0,0,
Ohio,OH,39,2020,0,0,0,,,0,0,0,0,0,0,0,0,0,0,0,,0,0,,0,0,0,0,0,0,0,
Ohio,OH,39,2021,0,0,1,,2021.0,0,0,0,0,0,0,0,2,0,2,0,2021.0,0,0,,0,0,0,0,0,0,0,
Ohio,OH,39,2022,0,0,1,,2021.0,0,0,0,0,0,0,0,12,1,10,0,2021.0,0,0,,1,0,0,0,0,0,0,
Ohio,OH,39,2023,1,1,1,2023.0,2021.0,1,0,0,0,0,0,1,21,1,17,0,2021.0,0,0,,1,0,0,0,0,0,0,
Ohio,OH,39,2024,1,1,1,2023.0,2021.0,1,0,0,0,0,0,1,24,1,19,0,2021.0,0,0,,1,0,0,0,0,0,0,
Ohio,OH,39,2025,1,2,1,2023.0,2021.0,1,0,0,0,0,0,1,24,1,19,0,2021.0,0,0,,1,0,0,0,0,0,0,
Oklahoma,OK,40,2010,0,0,0,,,0,0,0,0,0,0,0,0,0,0,0,,0,0,,0,0,0,0,0,0,0,
Oklahoma,OK,40,2011,0,0,0,,,0,0,0,0,0,0,0,0,0,0,0,,0,0,,0,0,0,0,0,0,0,
Oklahoma,OK,40,2012,0,0,0,,,0,0,0,0,0,0,0,0,0,0,0,,0,0,,0,0,0,0,0,0,0,
Oklahoma,OK,40,2013,0,0,0,,,0,0,0,0,0,0,0,0,0,0,0,,0,0,,0,0,0,0,0,0,0,
Oklahoma,OK,40,2014,0,0,0,,,0,0,0,0,0,0,0,0,0,0,0,,0,0,,0,0,0,0,0,0,0,
Oklahoma,OK,40,2015,0,0,0,,,0,0,0,0,0,0,0,0,0,0,0,,0,0,,0,0,0,0,0,0,0,
Oklahoma,OK,40,2016,0,0,0,,,0,0,0,0,0,0,0,0,0,0,0,,0,0,,0,0,0,0,0,0,0,
Oklahoma,OK,40,2017,0,0,0,,,0,0,0,0,0,0,0,0,0,0,0,,0,0,,0,0,0,0,0,0,0,
Oklahoma,OK,40,2018,0,0,0,,,0,0,0,0,0,0,0,0,0,0,0,,0,0,,0,0,0,0,0,0,0,
Oklahoma,OK,40,2019,0,0,0,,,0,0,0,0,0,0,0,0,0,0,0,,0,0,,0,0,0,0,0,0,0,
Oklahoma,OK,40,2020,0,0,0,,,0,0,0,0,0,0,0,0,0,0,0,,0,0,,0,0,0,0,0,0,0,
Oklahoma,OK,40,2021,1,2,1,2021.0,2021.0,1,1,0,0,0,0,2,2,0,2,0,2021.0,0,0,,0,0,0,0,0,0,0,
Oklahoma,OK,40,2022,1,2,1,2021.0,2021.0,1,1,0,0,0,0,2,14,2,12,0,2021.0,0,0,,1,0,0,0,0,0,0,
Oklahoma,OK,40,2023,1,2,1,2021.0,2021.0,1,1,0,0,0,0,2,24,2,21,0,2021.0,0,0,,1,1,0,0,0,0,0,
Oklahoma,OK,40,2024,1,2,1,2021.0,2021.0,1,1,0,0,0,0,2,30,2,23,0,2021.0,0,0,,1,1,0,0,0,0,0,
Oklahoma,OK,40,2025,1,3,1,2021.0,2021.0,1,1,0,0,0,0,2,33,2,25,0,2021.0,0,0,,1,1,0,0,0,0,0,
Oregon,OR,41,2010,0,0,0,,,0,0,0,0,0,0,0,0,0,0,0,,0,0,,0,0,0,0,0,0,0,
Oregon,OR,41,2011,0,0,0,,,0,0,0,0,0,0,0,0,0,0,0,,0,0,,0,0,0,0,0,0,0,
Oregon,OR,41,2012,0,0,0,,,0,0,0,0,0,0,0,0,0,0,0,,0,0,,0,0,0,0,0,0,0,
Oregon,OR,41,2013,0,0,0,,,0,0,0,0,0,0,0,0,0,0,0,,0,0,,0,0,0,0,0,0,0,
Oregon,OR,41,2014,0,0,0,,,0,0,0,0,0,0,0,0,0,0,0,,0,0,,0,0,0,0,0,0,0,
Oregon,OR,41,2015,0,0,0,,,0,0,0,0,0,0,0,0,0,0,0,,0,0,,0,0,0,0,0,0,0,
Oregon,OR,41,2016,0,0,0,,,0,0,0,0,0,0,0,0,0,0,0,,0,0,,0,0,0,0,0,0,0,
Oregon,OR,41,2017,0,0,0,,,0,0,0,0,0,0,0,0,0,0,0,,0,0,,0,0,0,0,0,0,0,
Oregon,OR,41,2018,0,0,0,,,0,0,0,0,0,0,0,0,0,0,0,,0,0,,0,0,0,0,0,0,0,
Oregon,OR,41,2019,0,0,0,,,0,0,0,0,0,0,0,0,0,0,0,,0,0,,0,0,0,0,0,0,0,
Oregon,OR,41,2020,0,0,0,,,0,0,0,0,0,0,0,0,0,0,0,,0,0,,0,0,0,0,0,0,0,
Oregon,OR,41,2021,0,0,0,,,0,0,0,0,0,0,0,0,0,0,0,,0,0,,0,0,1,1,0,0,1,2021.0
Oregon,OR,41,2022,0,0,0,,,0,0,0,0,0,0,0,0,0,0,0,,0,0,,0,0,1,1,1,0,1,2021.0
Oregon,OR,41,2023,0,0,1,,2023.0,0,0,0,0,0,0,0,0,0,0,0,,0,0,,0,0,1,1,1,0,1,2021.0
Oregon,OR,41,2024,0,0,1,,2023.0,0,0,0,0,0,0,0,0,0,0,0,,0,0,,0,0,1,1,1,0,1,2021.0
Oregon,OR,41,2025,0,0,1,,2023.0,0,0,0,0,0,0,0,0,0,0,0,,0,0,,0,0,1,1,1,0,1,2021.0
Pennsylvania,PA,42,2010,0,0,0,,,0,0,0,0,0,0,0,0,0,0,0,,0,0,,0,0,0,0,0,0,0,
Pennsylvania,PA,42,2011,0,0,0,,,0,0,0,0,0,0,0,0,0,0,0,,0,0,,0,0,0,0,0,0,0,
Pennsylvania,PA,42,2012,0,0,0,,,0,0,0,0,0,0,0,0,0,0,0,,0,0,,0,0,0,0,0,0,0,
Pennsylvania,PA,42,2013,0,0,0,,,0,0,0,0,0,0,0,0,0,0,0,,0,0,,0,0,0,0,0,0,0,
Pennsylvania,PA,42,2014,0,0,0,,,0,0,0,0,0,0,0,0,0,0,0,,0,0,,0,0,0,0,0,0,0,
Pennsylvania,PA,42,2015,0,0,0,,,0,0,0,0,0,0,0,0,0,0,0,,0,0,,0,0,0,0,0,0,0,
Pennsylvania,PA,42,2016,0,0,0,,,0,0,0,0,0,0,0,0,0,0,0,,0,0,,0,0,0,0,0,0,0,
Pennsylvania,PA,42,2017,0,0,0,,,0,0,0,0,0,0,0,0,0,0,0,,0,0,,0,0,0,0,0,0,0,
Pennsylvania,PA,42,2018,0,0,0,,,0,0,0,0,0,0,0,0,0,0,0,,0,0,,0,0,0,0,0,0,0,
Pennsylvania,PA,42,2019,0,0,0,,,0,0,0,0,0,0,0,0,0,0,0,,0,0,,0,0,0,0,0,0,0,
Pennsylvania,PA,42,2020,0,0,0,,,0,0,0,0,0,0,0,0,0,0,0,,0,0,,0,0,0,0,0,0,0,
Pennsylvania,PA,42,2021,0,0,0,,,0,0,0,0,0,0,0,2,0,2,0,2021.0,0,0,,0,0,0,0,0,0,0,
Pennsylvania,PA,42,2022,0,0,1,,2022.0,0,0,0,0,0,0,0,5,0,5,0,2021.0,0,0,,0,0,1,0,0,1,0,2022.0
Pennsylvania,PA,42,2023,0,0,1,,2022.0,0,0,0,0,0,0,0,6,0,6,0,2021.0,0,0,,0,0,1,0,0,1,0,2022.0
Pennsylvania,PA,42,2024,0,0,1,,2022.0,0,0,0,0,0,0,0,6,0,6,0,2021.0,0,0,,0,0,1,0,0,1,0,2022.0
Pennsylvania,PA,42,2025,0,0,1,,2022.0,0,0,0,0,0,0,0,8,0,8,0,2021.0,0,0,,0,0,1,0,0,1,0,2022.0
Rhode Island,RI,44,2010,0,0,0,,,0,0,0,0,0,0,0,0,0,0,0,,0,0,,0,0,0,0,0,0,0,
Rhode Island,RI,44,2011,0,0,0,,,0,0,0,0,0,0,0,0,0,0,0,,0,0,,0,0,0,0,0,0,0,
Rhode Island,RI,44,2012,0,0,0,,,0,0,0,0,0,0,0,0,0,0,0,,0,0,,0,0,0,0,0,0,0,
Rhode Island,RI,44,2013,0,0,0,,,0,0,0,0,0,0,0,0,0,0,0,,0,0,,0,0,0,0,0,0,0,
Rhode Island,RI,44,2014,0,0,0,,,0,0,0,0,0,0,0,0,0,0,0,,0,0,,0,0,0,0,0,0,0,
Rhode Island,RI,44,2015,0,0,0,,,0,0,0,0,0,0,0,0,0,0,0,,0,0,,0,0,0,0,0,0,0,
Rhode Island,RI,44,2016,0,0,0,,,0,0,0,0,0,0,0,0,0,0,0,,0,0,,0,0,0,0,0,0,0,
Rhode Island,RI,44,2017,0,0,0,,,0,0,0,0,0,0,0,0,0,0,0,,0,0,,0,0,0,0,0,0,0,
Rhode Island,RI,44,2018,0,0,0,,,0,0,0,0,0,0,0,0,0,0,0,,0,0,,0,0,0,0,0,0,0,
Rhode Island,RI,44,2019,0,0,0,,,0,0,0,0,0,0,0,0,0,0,0,,0,0,,0,0,0,0,0,0,0,
Rhode Island,RI,44,2020,0,0,0,,,0,0,0,0,0,0,0,0,0,0,0,,0,0,,0,0,0,0,0,0,0,
Rhode Island,RI,44,2021,0,0,0,,,0,0,0,0,0,0,0,0,0,0,0,,0,0,,0,0,0,0,0,0,0,
Rhode Island,RI,44,2022,0,0,0,,,0,0,0,0,0,0,0,0,0,0,0,,0,0,,0,0,1,0,0,0,0,2022.0
Rhode Island,RI,44,2023,0,0,0,,,0,0,0,0,0,0,0,0,0,0,0,,0,0,,0,0,1,0,0,0,1,2022.0
Rhode Island,RI,44,2024,0,0,0,,,0,0,0,0,0,0,0,0,0,0,0,,0,0,,0,0,1,0,0,0,1,2022.0
Rhode Island,RI,44,2025,0,0,0,,,0,0,0,0,0,0,0,0,0,0,0,,0,0,,0,0,1,0,0,0,1,2022.0
South Carolina,SC,45,2010,0,0,0,,,0,0,0,0,0,0,0,0,0,0,0,,0,0,,0,0,0,0,0,0,0,
South Carolina,SC,45,2011,0,0,0,,,0,0,0,0,0,0,0,0,0,0,0,,0,0,,0,0,0,0,0,0,0,
South Carolina,SC,45,2012,0,0,0,,,0,0,0,0,0,0,0,0,0,0,0,,0,0,,0,0,0,0,0,0,0,
South Carolina,SC,45,2013,0,0,0,,,0,0,0,0,0,0,0,0,0,0,0,,0,0,,0,0,0,0,0,0,0,
South Carolina,SC,45,2014,0,0,0,,,0,0,0,0,0,0,0,0,0,0,0,,0,0,,0,0,0,0,0,0,0,
South Carolina,SC,45,2015,0,0,0,,,0,0,0,0,0,0,0,0,0,0,0,,0,0,,0,0,0,0,0,0,0,
South Carolina,SC,45,2016,0,0,0,,,0,0,0,0,0,0,0,0,0,0,0,,0,0,,0,0,0,0,0,0,0,
South Carolina,SC,45,2017,0,0,0,,,0,0,0,0,0,0,0,0,0,0,0,,0,0,,0,0,0,0,0,0,0,
South Carolina,SC,45,2018,0,0,0,,,0,0,0,0,0,0,0,0,0,0,0,,0,0,,0,0,0,0,0,0,0,
South Carolina,SC,45,2019,0,0,0,,,0,0,0,0,0,0,0,0,0,0,0,,0,0,,0,0,0,0,0,0,0,
South Carolina,SC,45,2020,0,0,0,,,0,0,0,0,0,0,0,0,0,0,0,,0,0,,0,0,0,0,0,0,0,
South Carolina,SC,45,2021,0,0,1,,2021.0,0,0,0,0,0,0,0,3,0,3,0,2021.0,0,0,,0,0,0,0,0,0,0,
South Carolina,SC,45,2022,0,0,1,,2021.0,0,0,0,0,0,0,0,17,1,14,1,2021.0,0,0,,1,0,0,0,0,0,0,
South Carolina,SC,45,2023,1,1,1,2023.0,2021.0,1,0,1,0,0,0,2,32,1,27,1,2021.0,0,0,,1,0,0,0,0,0,0,
South Carolina,SC,45,2024,1,1,1,2023.0,2021.0,1,1,1,0,0,0,3,42,2,34,1,2021.0,0,0,,1,0,0,0,0,0,0,
South Carolina,SC,45,2025,1,1,1,2023.0,2021.0,1,1,1,0,0,0,3,44,2,36,1,2021.0,0,0,,1,0,0,0,0,0,0,
South Dakota,SD,46,2010,0,0,0,,,0,0,0,0,0,0,0,0,0,0,0,,0,0,,0,0,0,0,0,0,0,
South Dakota,SD,46,2011,0,0,0,,,0,0,0,0,0,0,0,0,0,0,0,,0,0,,0,0,0,0,0,0,0,
South Dakota,SD,46,2012,0,0,0,,,0,0,0,0,0,0,0,0,0,0,0,,0,0,,0,0,0,0,0,0,0,
South Dakota,SD,46,2013,0,0,0,,,0,0,0,0,0,0,0,0,0,0,0,,0,0,,0,0,0,0,0,0,0,
South Dakota,SD,46,2014,0,0,0,,,0,0,0,0,0,0,0,0,0,0,0,,0,0,,0,0,0,0,0,0,0,
South Dakota,SD,46,2015,0,0,0,,,0,0,0,0,0,0,0,0,0,0,0,,0,0,,0,0,0,0,0,0,0,
South Dakota,SD,46,2016,0,0,0,,,0,0,0,0,0,0,0,0,0,0,0,,0,0,,0,0,0,0,0,0,0,
South Dakota,SD,46,2017,0,0,0,,,0,0,0,0,0,0,0,0,0,0,0,,0,0,,0,0,0,0,0,0,0,
South Dakota,SD,46,2018,0,0,0,,,0,0,0,0,0,0,0,0,0,0,0,,0,0,,0,0,0,0,0,0,0,
South Dakota,SD,46,2019,0,0,0,,,0,0,0,0,0,0,0,0,0,0,0,,0,0,,0,0,0,0,0,0,0,
South Dakota,SD,46,2020,0,0,0,,,0,0,0,0,0,0,0,0,0,0,0,,0,0,,0,0,0,0,0,0,0,
South Dakota,SD,46,2021,0,0,1,,2021.0,0,0,0,0,0,0,0,3,0,3,0,2021.0,0,0,,0,0,0,0,0,0,0,
South Dakota,SD,46,2022,0,0,1,,2021.0,0,0,0,0,0,0,0,11,0,10,0,2021.0,0,0,,1,0,0,0,0,0,0,
South Dakota,SD,46,2023,0,0,1,,2021.0,0,0,0,0,0,0,0,17,0,15,0,2021.0,0,0,,1,1,0,0,0,0,0,
South Dakota,SD,46,2024,0,0,1,,2021.0,0,0,0,0,0,0,0,19,1,16,0,2021.0,0,0,,1,1,0,0,0,0,0,
South Dakota,SD,46,2025,0,0,1,,2021.0,0,0,0,0,0,0,0,20,1,17,0,2021.0,0,0,,1,1,0,0,0,0,0,
Tennessee,TN,47,2010,0,0,0,,,0,0,0,0,0,0,0,0,0,0,0,,0,0,,0,0,0,0,0,0,0,
Tennessee,TN,47,2011,0,0,0,,,0,0,0,0,0,0,0,0,0,0,0,,0,0,,0,0,0,0,0,0,0,
Tennessee,TN,47,2012,0,0,0,,,0,0,0,0,0,0,0,0,0,0,0,,0,0,,0,0,0,0,0,0,0,
Tennessee,TN,47,2013,0,0,0,,,0,0,0,0,0,0,0,0,0,0,0,,0,0,,0,0,0,0,0,0,0,
Tennessee,TN,47,2014,0,0,0,,,0,0,0,0,0,0,0,0,0,0,0,,0,0,,0,0,0,0,0,0,0,
Tennessee,TN,47,2015,0,0,0,,,0,0,0,0,0,0,0,0,0,0,0,,0,0,,0,0,0,0,0,0,0,
Tennessee,TN,47,2016,0,0,0,,,0,0,0,0,0,0,0,0,0,0,0,,0,0,,0,0,0,0,0,0,0,
Tennessee,TN,47,2017,0,0,0,,,0,0,0,0,0,0,0,0,0,0,0,,0,0,,0,0,0,0,0,0,0,
Tennessee,TN,47,2018,0,0,0,,,0,0,0,0,0,0,0,0,0,0,0,,0,0,,0,0,0,0,0,0,0,
Tennessee,TN,47,2019,0,0,0,,,0,0,0,0,0,0,0,0,0,0,0,,0,0,,0,0,0,0,0,0,0,
Tennessee,TN,47,2020,0,0,0,,,0,0,0,0,0,0,0,0,0,0,0,,0,0,,0,0,0,0,0,0,0,
Tennessee,TN,47,2021,0,0,0,,,0,0,0,0,0,0,0,1,0,1,0,2021.0,0,0,,0,0,0,0,0,0,0,
Tennessee,TN,47,2022,1,1,1,2022.0,2022.0,1,1,0,0,0,0,2,2,1,1,0,2021.0,0,0,,0,0,0,0,0,0,0,
Tennessee,TN,47,2023,1,2,1,2022.0,2022.0,1,1,1,0,0,0,3,11,2,7,0,2021.0,0,0,,0,1,0,0,0,0,0,
Tennessee,TN,47,2024,1,3,1,2022.0,2022.0,1,1,1,0,1,1,5,12,2,7,0,2021.0,0,0,,0,1,0,0,0,0,0,
Tennessee,TN,47,2025,1,3,1,2022.0,2022.0,1,1,1,0,1,1,5,14,2,8,0,2021.0,0,0,,0,1,0,0,0,0,0,
Texas,TX,48,2010,0,0,0,,,0,0,0,0,0,0,0,0,0,0,0,,0,0,,0,0,0,0,0,0,0,
Texas,TX,48,2011,0,0,0,,,0,0,0,0,0,0,0,0,0,0,0,,0,0,,0,0,0,0,0,0,0,
Texas,TX,48,2012,0,0,0,,,0,0,0,0,0,0,0,0,0,0,0,,0,0,,0,0,0,0,0,0,0,
Texas,TX,48,2013,0,0,0,,,0,0,0,0,0,0,0,0,0,0,0,,0,0,,0,0,0,0,0,0,0,
Texas,TX,48,2014,0,0,0,,,0,0,0,0,0,0,0,0,0,0,0,,0,0,,0,0,0,0,0,0,0,
Texas,TX,48,2015,0,0,0,,,0,0,0,0,0,0,0,0,0,0,0,,0,0,,0,0,0,0,0,0,0,
Texas,TX,48,2016,0,0,0,,,0,0,0,0,0,0,0,0,0,0,0,,0,0,,0,0,0,0,0,0,0,
Texas,TX,48,2017,0,0,0,,,0,0,0,0,0,0,0,0,0,0,0,,0,0,,0,0,0,0,0,0,0,
Texas,TX,48,2018,0,0,0,,,0,0,0,0,0,0,0,0,0,0,0,,0,0,,0,0,0,0,0,0,0,
Texas,TX,48,2019,0,0,0,,,0,0,0,0,0,0,0,0,0,0,0,,0,0,,0,0,0,0,0,0,0,
Texas,TX,48,2020,0,0,0,,,0,0,0,0,0,0,0,0,0,0,0,,0,0,,0,0,0,0,0,0,0,
Texas,TX,48,2021,1,2,1,2021.0,2021.0,1,1,0,0,0,0,2,3,0,3,0,2021.0,1,0,,0,0,0,0,0,0,0,
Texas,TX,48,2022,1,2,1,2021.0,2021.0,1,1,0,0,0,0,2,17,2,13,0,2021.0,1,0,,1,0,0,0,0,0,0,
Texas,TX,48,2023,1,3,1,2021.0,2021.0,1,1,0,0,1,0,3,31,2,21,0,2021.0,1,1,2023.0,1,0,0,0,0,0,0,
Texas,TX,48,2024,1,3,1,2021.0,2021.0,1,1,0,0,1,0,3,44,3,27,1,2021.0,1,1,2023.0,1,0,0,0,0,0,0,
Texas,TX,48,2025,1,4,1,2021.0,2021.0,1,1,1,0,1,1,5,46,3,29,1,2021.0,1,1,2023.0,1,0,0,0,0,0,0,
Utah,UT,49,2010,0,0,0,,,0,0,0,0,0,0,0,0,0,0,0,,0,0,,0,0,0,0,0,0,0,
Utah,UT,49,2011,0,0,0,,,0,0,0,0,0,0,0,0,0,0,0,,0,0,,0,0,0,0,0,0,0,
Utah,UT,49,2012,0,0,0,,,0,0,0,0,0,0,0,0,0,0,0,,0,0,,0,0,0,0,0,0,0,
Utah,UT,49,2013,0,0,0,,,0,0,0,0,0,0,0,0,0,0,0,,0,0,,0,0,0,0,0,0,0,
Utah,UT,49,2014,0,0,0,,,0,0,0,0,0,0,0,0,0,0,0,,0,0,,0,0,0,0,0,0,0,
Utah,UT,49,2015,0,0,0,,,0,0,0,0,0,0,0,0,0,0,0,,0,0,,0,0,0,0,0,0,0,
Utah,UT,49,2016,0,0,0,,,0,0,0,0,0,0,0,0,0,0,0,,0,0,,0,0,0,0,0,0,0,
Utah,UT,49,2017,0,0,0,,,0,0,0,0,0,0,0,0,0,0,0,,0,0,,0,0,0,0,0,0,0,
Utah,UT,49,2018,0,0,0,,,0,0,0,0,0,0,0,0,0,0,0,,0,0,,0,0,0,0,0,0,0,
Utah,UT,49,2019,0,0,0,,,0,0,0,0,0,0,0,0,0,0,0,,0,0,,0,0,0,0,0,0,0,
Utah,UT,49,2020,0,0,0,,,0,0,0,0,0,0,0,0,0,0,0,,0,0,,0,0,0,0,0,0,0,
Utah,UT,49,2021,0,0,1,,2021.0,0,0,0,0,0,0,0,4,0,4,0,2021.0,0,0,,0,0,0,0,0,0,0,
Utah,UT,49,2022,0,0,1,,2021.0,0,0,0,0,0,0,0,20,1,17,1,2021.0,0,0,,1,0,0,0,0,0,0,
Utah,UT,49,2023,1,4,1,2023.0,2021.0,1,1,1,1,1,0,5,37,1,30,1,2021.0,0,0,,1,1,0,0,0,0,0,
Utah,UT,49,2024,1,4,1,2023.0,2021.0,1,1,1,1,1,0,5,45,2,36,1,2021.0,0,0,,1,1,0,0,0,0,0,
Utah,UT,49,2025,1,4,1,2023.0,2021.0,1,1,1,1,1,0,5,48,2,39,1,2021.0,0,0,,1,1,0,0,0,0,0,
Vermont,VT,50,2010,0,0,0,,,0,0,0,0,0,0,0,0,0,0,0,,0,0,,0,0,0,0,0,0,0,
Vermont,VT,50,2011,0,0,0,,,0,0,0,0,0,0,0,0,0,0,0,,0,0,,0,0,0,0,0,0,0,
Vermont,VT,50,2012,0,0,0,,,0,0,0,0,0,0,0,0,0,0,0,,0,0,,0,0,0,0,0,0,0,
Vermont,VT,50,2013,0,0,0,,,0,0,0,0,0,0,0,0,0,0,0,,0,0,,0,0,0,0,0,0,0,
Vermont,VT,50,2014,0,0,0,,,0,0,0,0,0,0,0,0,0,0,0,,0,0,,0,0,0,0,0,0,0,
Vermont,VT,50,2015,0,0,0,,,0,0,0,0,0,0,0,0,0,0,0,,0,0,,0,0,0,0,0,0,0,
Vermont,VT,50,2016,0,0,0,,,0,0,0,0,0,0,0,0,0,0,0,,0,0,,0,0,0,0,0,0,0,
Vermont,VT,50,2017,0,0,0,,,0,0,0,0,0,0,0,0,0,0,0,,0,0,,0,0,0,0,0,0,0,
Vermont,VT,50,2018,0,0,0,,,0,0,0,0,0,0,0,0,0,0,0,,0,0,,0,0,0,0,0,0,0,
Vermont,VT,50,2019,0,0,0,,,0,0,0,0,0,0,0,0,0,0,0,,0,0,,0,0,0,0,0,0,0,
Vermont,VT,50,2020,0,0,0,,,0,0,0,0,0,0,0,0,0,0,0,,0,0,,0,0,0,0,0,0,0,
Vermont,VT,50,2021,0,0,0,,,0,0,0,0,0,0,0,0,0,0,0,,0,0,,0,0,0,0,0,0,0,
Vermont,VT,50,2022,0,0,0,,,0,0,0,0,0,0,0,0,0,0,0,,0,0,,0,0,0,0,0,0,0,
Vermont,VT,50,2023,0,0,0,,,0,0,0,0,0,0,0,0,0,0,0,,0,0,,0,0,0,0,0,0,0,
Vermont,VT,50,2024,0,0,0,,,0,0,0,0,0,0,0,0,0,0,0,,0,0,,0,0,0,0,0,0,0,
Vermont,VT,50,2025,0,0,0,,,0,0,0,0,0,0,0,0,0,0,0,,0,0,,0,0,0,0,0,0,0,
Virginia,VA,51,2010,0,0,0,,,0,0,0,0,0,0,0,0,0,0,0,,0,0,,0,0,0,0,0,0,0,
Virginia,VA,51,2011,0,0,0,,,0,0,0,0,0,0,0,0,0,0,0,,0,0,,0,0,0,0,0,0,0,
Virginia,VA,51,2012,0,0,0,,,0,0,0,0,0,0,0,0,0,0,0,,0,0,,0,0,0,0,0,0,0,
Virginia,VA,51,2013,0,0,0,,,0,0,0,0,0,0,0,0,0,0,0,,0,0,,0,0,0,0,0,0,0,
Virginia,VA,51,2014,0,0,0,,,0,0,0,0,0,0,0,0,0,0,0,,0,0,,0,0,0,0,0,0,0,
Virginia,VA,51,2015,0,0,0,,,0,0,0,0,0,0,0,0,0,0,0,,0,0,,0,0,0,0,0,0,0,
Virginia,VA,51,2016,0,0,0,,,0,0,0,0,0,0,0,0,0,0,0,,0,0,,0,0,0,0,0,0,0,
Virginia,VA,51,2017,0,0,0,,,0,0,0,0,0,0,0,0,0,0,0,,0,0,,0,0,0,0,0,0,0,
Virginia,VA,51,2018,0,0,0,,,0,0,0,0,0,0,0,0,0,0,0,,0,0,,0,0,0,0,0,0,0,
Virginia,VA,51,2019,0,0,0,,,0,0,0,0,0,0,0,0,0,0,0,,0,0,,0,0,0,0,0,0,0,
Virginia,VA,51,2020,0,0,0,,,0,0,0,0,0,0,0,0,0,0,0,,0,0,,0,0,0,0,0,0,0,
Virginia,VA,51,2021,0,0,0,,,0,0,0,0,0,0,0,0,0,0,0,,0,0,,0,0,0,0,0,0,0,
Virginia,VA,51,2022,0,0,0,,,0,0,0,0,0,0,0,4,2,2,0,2022.0,0,0,,0,0,0,0,0,0,0,
Virginia,VA,51,2023,0,0,1,,2023.0,0,0,0,0,0,0,0,13,2,10,0,2022.0,0,0,,0,0,0,0,0,0,0,
Virginia,VA,51,2024,0,0,1,,2023.0,0,0,0,0,0,0,0,19,3,12,0,2022.0,0,0,,0,0,0,0,0,0,0,
Virginia,VA,51,2025,0,0,1,,2023.0,0,0,0,0,0,0,0,20,3,13,0,2022.0,0,0,,0,0,0,0,0,0,0,
Washington,WA,53,2010,0,0,0,,,0,0,0,0,0,0,0,0,0,0,0,,0,0,,0,0,0,0,0,0,0,
Washington,WA,53,2011,0,0,0,,,0,0,0,0,0,0,0,0,0,0,0,,0,0,,0,0,0,0,0,0,0,
Washington,WA,53,2012,0,0,0,,,0,0,0,0,0,0,0,0,0,0,0,,0,0,,0,0,0,0,0,0,0,
Washington,WA,53,2013,0,0,0,,,0,0,0,0,0,0,0,0,0,0,0,,0,0,,0,0,0,0,0,0,0,
Washington,WA,53,2014,0,0,0,,,0,0,0,0,0,0,0,0,0,0,0,,0,0,,0,0,0,0,0,0,0,
Washington,WA,53,2015,0,0,0,,,0,0,0,0,0,0,0,0,0,0,0,,0,0,,0,0,0,0,0,0,0,
Washington,WA,53,2016,0,0,0,,,0,0,0,0,0,0,0,0,0,0,0,,0,0,,0,0,0,0,0,0,0,
Washington,WA,53,2017,0,0,0,,,0,0,0,0,0,0,0,0,0,0,0,,0,0,,0,0,0,0,0,0,0,
Washington,WA,53,2018,0,0,0,,,0,0,0,0,0,0,0,0,0,0,0,,0,0,,0,0,0,0,0,0,0,
Washington,WA,53,2019,0,0,0,,,0,0,0,0,0,0,0,0,0,0,0,,0,0,,0,0,0,0,0,0,0,
Washington,WA,53,2020,0,0,0,,,0,0,0,0,0,0,0,0,0,0,0,,0,0,,0,0,0,0,0,0,0,
Washington,WA,53,2021,0,0,0,,,0,0,0,0,0,0,0,0,0,0,0,,0,0,,0,0,0,0,0,0,0,
Washington,WA,53,2022,0,0,0,,,0,0,0,0,0,0,0,0,0,0,0,,0,0,,0,0,0,0,0,0,0,
Washington,WA,53,2023,0,0,0,,,0,0,0,0,0,0,0,0,0,0,0,,0,0,,0,0,0,0,0,0,0,
Washington,WA,53,2024,0,0,0,,,0,0,0,0,0,0,0,0,0,0,0,,0,0,,0,0,0,0,0,0,0,
Washington,WA,53,2025,0,0,0,,,0,0,0,0,0,0,0,0,0,0,0,,0,0,,0,0,0,0,0,0,0,
West Virginia,WV,54,2010,0,0,0,,,0,0,0,0,0,0,0,0,0,0,0,,0,0,,0,0,0,0,0,0,0,
West Virginia,WV,54,2011,0,0,0,,,0,0,0,0,0,0,0,0,0,0,0,,0,0,,0,0,0,0,0,0,0,
West Virginia,WV,54,2012,0,0,0,,,0,0,0,0,0,0,0,0,0,0,0,,0,0,,0,0,0,0,0,0,0,
West Virginia,WV,54,2013,0,0,0,,,0,0,0,0,0,0,0,0,0,0,0,,0,0,,0,0,0,0,0,0,0,
West Virginia,WV,54,2014,0,0,0,,,0,0,0,0,0,0,0,0,0,0,0,,0,0,,0,0,0,0,0,0,0,
West Virginia,WV,54,2015,0,0,0,,,0,0,0,0,0,0,0,0,0,0,0,,0,0,,0,0,0,0,0,0,0,
West Virginia,WV,54,2016,0,0,0,,,0,0,0,0,0,0,0,0,0,0,0,,0,0,,0,0,0,0,0,0,0,
West Virginia,WV,54,2017,0,0,0,,,0,0,0,0,0,0,0,0,0,0,0,,0,0,,0,0,0,0,0,0,0,
West Virginia,WV,54,2018,0,0,0,,,0,0,0,0,0,0,0,0,0,0,0,,0,0,,0,0,0,0,0,0,0,
West Virginia,WV,54,2019,0,0,0,,,0,0,0,0,0,0,0,0,0,0,0,,0,0,,0,0,0,0,0,0,0,
West Virginia,WV,54,2020,0,0,0,,,0,0,0,0,0,0,0,0,0,0,0,,0,0,,0,0,0,0,0,0,0,
West Virginia,WV,54,2021,0,0,1,,2021.0,0,0,0,0,0,0,0,5,0,5,0,2021.0,0,0,,0,0,0,0,0,0,0,
West Virginia,WV,54,2022,1,1,1,2022.0,2021.0,0,1,0,0,0,0,1,20,1,17,1,2021.0,0,1,2022.0,1,0,0,0,0,0,0,
West Virginia,WV,54,2023,1,2,1,2022.0,2021.0,1,1,1,0,0,0,3,37,1,30,1,2021.0,0,1,2022.0,1,1,0,0,0,0,0,
West Virginia,WV,54,2024,1,2,1,2022.0,2021.0,1,1,1,0,0,0,3,48,2,36,1,2021.0,0,1,2022.0,1,1,0,0,0,0,0,
West Virginia,WV,54,2025,1,3,1,2022.0,2021.0,1,1,1,0,0,0,3,49,2,37,1,2021.0,0,1,2022.0,1,1,0,0,0,0,0,
Wisconsin,WI,55,2010,0,0,0,,,0,0,0,0,0,0,0,0,0,0,0,,0,0,,0,0,0,0,0,0,0,
Wisconsin,WI,55,2011,0,0,0,,,0,0,0,0,0,0,0,0,0,0,0,,0,0,,0,0,0,0,0,0,0,
Wisconsin,WI,55,2012,0,0,0,,,0,0,0,0,0,0,0,0,0,0,0,,0,0,,0,0,0,0,0,0,0,
Wisconsin,WI,55,2013,0,0,0,,,0,0,0,0,0,0,0,0,0,0,0,,0,0,,0,0,0,0,0,0,0,
Wisconsin,WI,55,2014,0,0,0,,,0,0,0,0,0,0,0,0,0,0,0,,0,0,,0,0,0,0,0,0,0,
Wisconsin,WI,55,2015,0,0,0,,,0,0,0,0,0,0,0,0,0,0,0,,0,0,,0,0,0,0,0,0,0,
Wisconsin,WI,55,2016,0,0,0,,,0,0,0,0,0,0,0,0,0,0,0,,0,0,,0,0,0,0,0,0,0,
Wisconsin,WI,55,2017,0,0,0,,,0,0,0,0,0,0,0,0,0,0,0,,0,0,,0,0,0,0,0,0,0,
Wisconsin,WI,55,2018,0,0,0,,,0,0,0,0,0,0,0,0,0,0,0,,0,0,,0,0,0,0,0,0,0,
Wisconsin,WI,55,2019,0,0,0,,,0,0,0,0,0,0,0,0,0,0,0,,0,0,,0,0,0,0,0,0,0,
Wisconsin,WI,55,2020,0,0,0,,,0,0,0,0,0,0,0,0,0,0,0,,0,0,,0,0,0,0,0,0,0,
Wisconsin,WI,55,2021,0,0,0,,,0,0,0,0,0,0,0,0,0,0,0,,0,0,,0,0,0,0,0,0,0,
Wisconsin,WI,55,2022,0,0,0,,,0,0,0,0,0,0,0,0,0,0,0,,0,0,,0,0,0,0,0,0,0,
Wisconsin,WI,55,2023,0,0,1,,2023.0,0,0,0,0,0,0,0,0,0,0,0,,0,0,,0,0,0,0,0,0,0,
Wisconsin,WI,55,2024,0,0,1,,2023.0,0,0,0,0,0,0,0,0,0,0,0,,0,0,,0,0,0,0,0,0,0,
Wisconsin,WI,55,2025,0,0,1,,2023.0,0,0,0,0,0,0,0,0,0,0,0,,0,0,,0,0,0,0,0,0,0,
Wyoming,WY,56,2010,0,0,0,,,0,0,0,0,0,0,0,0,0,0,0,,0,0,,0,0,0,0,0,0,0,
Wyoming,WY,56,2011,0,0,0,,,0,0,0,0,0,0,0,0,0,0,0,,0,0,,0,0,0,0,0,0,0,
Wyoming,WY,56,2012,0,0,0,,,0,0,0,0,0,0,0,0,0,0,0,,0,0,,0,0,0,0,0,0,0,
Wyoming,WY,56,2013,0,0,0,,,0,0,0,0,0,0,0,0,0,0,0,,0,0,,0,0,0,0,0,0,0,
Wyoming,WY,56,2014,0,0,0,,,0,0,0,0,0,0,0,0,0,0,0,,0,0,,0,0,0,0,0,0,0,
Wyoming,WY,56,2015,0,0,0,,,0,0,0,0,0,0,0,0,0,0,0,,0,0,,0,0,0,0,0,0,0,
Wyoming,WY,56,2016,0,0,0,,,0,0,0,0,0,0,0,0,0,0,0,,0,0,,0,0,0,0,0,0,0,
Wyoming,WY,56,2017,0,0,0,,,0,0,0,0,0,0,0,0,0,0,0,,0,0,,0,0,0,0,0,0,0,
Wyoming,WY,56,2018,0,0,0,,,0,0,0,0,0,0,0,0,0,0,0,,0,0,,0,0,0,0,0,0,0,
Wyoming,WY,56,2019,0,0,0,,,0,0,0,0,0,0,0,0,0,0,0,,0,0,,0,0,0,0,0,0,0,
Wyoming,WY,56,2020,0,0,0,,,0,0,0,0,0,0,0,0,0,0,0,,0,0,,0,0,0,0,0,0,0,
Wyoming,WY,56,2021,1,1,1,2021.0,2021.0,0,0,0,0,1,0,1,2,0,2,0,2021.0,0,0,,0,0,0,0,0,0,0,
Wyoming,WY,56,2022,1,1,1,2021.0,2021.0,0,0,0,0,1,0,1,11,0,11,0,2021.0,0,0,,1,0,0,0,0,0,0,
Wyoming,WY,56,2023,1,1,1,2021.0,2021.0,0,0,0,0,1,0,1,23,0,19,0,2021.0,0,0,,1,1,0,0,0,0,0,
Wyoming,WY,56,2024,1,1,1,2021.0,2021.0,0,0,0,0,1,0,1,31,0,24,0,2021.0,0,0,,1,1,0,0,0,0,0,
Wyoming,WY,56,2025,1,2,1,2021.0,2021.0,1,1,1,0,1,0,4,33,0,26,0,2021.0,0,0,,1,1,0,0,0,0,0,
