state_name,state_abbr,year,iecc_comm_vintage,iecc_comm_code_type,lag_model_code_yrs,no_statewide_code,home_rule,preemption_of_stricter_local,stretch_code_available,weakening_amendments,state_bps_adopted,state_bps_effective,state_bps_year_enacted,state_bps_first_compliance_year,state_bps_law_name,state_bps_law_id,state_bps_penalty_per_sqft,state_bps_penalty_per_tco2e,state_n_city_bps_adopted,state_n_city_benchmarking_adopted,state_any_city_has_bps,state_any_city_has_benchmarking
Alaska,AK,2010,,,,1,1,0,0,0,0,0,,,,,,,0,0,0,0
Alaska,AK,2011,,,,1,1,0,0,0,0,0,,,,,,,0,0,0,0
Alaska,AK,2012,,,,1,1,0,0,0,0,0,,,,,,,0,0,0,0
Alaska,AK,2013,,,,1,1,0,0,0,0,0,,,,,,,0,0,0,0
Alaska,AK,2014,,,,1,1,0,0,0,0,0,,,,,,,0,0,0,0
Alaska,AK,2015,,,,1,1,0,0,0,0,0,,,,,,,0,0,0,0
Alaska,AK,2016,,,,1,1,0,0,0,0,0,,,,,,,0,0,0,0
Alaska,AK,2017,,,,1,1,0,0,0,0,0,,,,,,,0,0,0,0
Alaska,AK,2018,,,,1,1,0,0,0,0,0,,,,,,,0,0,0,0
Alaska,AK,2019,,,,1,1,0,0,0,0,0,,,,,,,0,0,0,0
Alaska,AK,2020,,,,1,1,0,0,0,0,0,,,,,,,0,0,0,0
Alaska,AK,2021,,,,1,1,0,0,0,0,0,,,,,,,0,0,0,0
Alaska,AK,2022,,,,1,1,0,0,0,0,0,,,,,,,0,0,0,0
Alaska,AK,2023,,,,1,1,0,0,0,0,0,,,,,,,0,0,0,0
Alaska,AK,2024,,,,1,1,0,0,0,0,0,,,,,,,0,0,0,0
Alaska,AK,2025,,,,1,1,0,0,0,0,0,,,,,,,0,0,0,0
Alabama,AL,2010,2006,IECC,3,0,0,0,0,0,0,0,,,,,,,0,0,0,0
Alabama,AL,2011,2006,IECC,4,0,0,0,0,0,0,0,,,,,,,0,0,0,0
Alabama,AL,2012,2009,IECC,3,0,0,0,0,0,0,0,,,,,,,0,0,0,0
Alabama,AL,2013,2009,IECC,3,0,0,0,0,0,0,0,,,,,,,0,0,0,0
Alabama,AL,2014,2009,IECC,4,0,0,0,0,0,0,0,,,,,,,0,0,0,0
Alabama,AL,2015,2009,IECC,6,0,0,0,0,0,0,0,,,,,,,0,0,0,0
Alabama,AL,2016,2013,ASHRAE,2,0,0,0,0,0,0,0,,,,,,,0,0,0,0
Alabama,AL,2017,2013,ASHRAE,3,0,0,0,0,0,0,0,,,,,,,0,0,0,0
Alabama,AL,2018,2013,ASHRAE,3,0,0,0,0,0,0,0,,,,,,,0,0,0,0
Alabama,AL,2019,2013,ASHRAE,3,0,0,0,0,0,0,0,,,,,,,0,0,0,0
Alabama,AL,2020,2013,ASHRAE,6,0,0,0,0,0,0,0,,,,,,,0,0,0,0
Alabama,AL,2021,2013,ASHRAE,6,0,0,0,0,0,0,0,,,,,,,0,0,0,0
Alabama,AL,2022,2013,ASHRAE,6,0,0,0,0,0,0,0,,,,,,,0,0,0,0
Alabama,AL,2023,2013,ASHRAE,9,0,0,0,0,0,0,0,,,,,,,0,0,0,0
Alabama,AL,2024,2013,ASHRAE,9,0,0,0,0,0,0,0,,,,,,,0,0,0,0
Alabama,AL,2025,2013,ASHRAE,9,0,0,0,0,0,0,0,,,,,,,0,0,0,0
Arkansas,AR,2010,2001,ASHRAE,8,0,0,0,0,0,0,0,,,,,,,0,0,0,0
Arkansas,AR,2011,2001,ASHRAE,9,0,0,0,0,0,0,0,,,,,,,0,0,0,0
Arkansas,AR,2012,2001,ASHRAE,11,0,0,0,0,0,0,0,,,,,,,0,0,0,0
Arkansas,AR,2013,2001,ASHRAE,11,0,0,0,0,0,0,0,,,,,,,0,0,0,0
Arkansas,AR,2014,2001,ASHRAE,12,0,0,0,0,0,0,0,,,,,,,0,0,0,0
Arkansas,AR,2015,2009,IECC,6,0,0,0,0,0,0,0,,,,,,,0,0,0,0
Arkansas,AR,2016,2009,IECC,6,0,0,0,0,0,0,0,,,,,,,0,0,0,0
Arkansas,AR,2017,2009,IECC,7,0,0,0,0,0,0,0,,,,,,,0,0,0,0
Arkansas,AR,2018,2009,IECC,7,0,0,0,0,0,0,0,,,,,,,0,0,0,0
Arkansas,AR,2019,2009,IECC,7,0,0,0,0,0,0,0,,,,,,,0,0,0,0
Arkansas,AR,2020,2009,IECC,10,0,0,0,0,0,0,0,,,,,,,0,0,0,0
Arkansas,AR,2021,2009,IECC,10,0,0,0,0,0,0,0,,,,,,,0,0,0,0
Arkansas,AR,2022,2009,IECC,10,0,0,0,0,0,0,0,,,,,,,0,0,0,0
Arkansas,AR,2023,2009,IECC,13,0,0,0,0,0,0,0,,,,,,,0,0,0,0
Arkansas,AR,2024,2009,IECC,13,0,0,0,0,0,0,0,,,,,,,0,0,0,0
Arkansas,AR,2025,2009,IECC,13,0,0,0,0,0,0,0,,,,,,,0,0,0,0
Arizona,AZ,2010,,,,0,1,0,0,0,0,0,,,,,,,0,0,0,0
Arizona,AZ,2011,,,,0,1,0,0,0,0,0,,,,,,,0,0,0,0
Arizona,AZ,2012,,,,0,1,0,0,0,0,0,,,,,,,0,0,0,0
Arizona,AZ,2013,,,,0,1,0,0,0,0,0,,,,,,,0,0,0,0
Arizona,AZ,2014,,,,0,1,0,0,0,0,0,,,,,,,0,0,0,0
Arizona,AZ,2015,,,,0,1,0,0,0,0,0,,,,,,,0,0,0,0
Arizona,AZ,2016,,,,0,1,0,0,0,0,0,,,,,,,0,0,0,0
Arizona,AZ,2017,,,,0,1,0,0,0,0,0,,,,,,,0,0,0,0
Arizona,AZ,2018,,,,0,1,0,0,0,0,0,,,,,,,0,0,0,0
Arizona,AZ,2019,,,,0,1,0,0,0,0,0,,,,,,,0,0,0,0
Arizona,AZ,2020,,,,0,1,0,0,0,0,0,,,,,,,0,0,0,0
Arizona,AZ,2021,,,,0,1,0,0,0,0,0,,,,,,,0,0,0,0
Arizona,AZ,2022,,,,0,1,0,0,0,0,0,,,,,,,0,0,0,0
Arizona,AZ,2023,,,,0,1,0,0,0,0,0,,,,,,,0,0,0,0
Arizona,AZ,2024,,,,0,1,0,0,0,0,0,,,,,,,0,0,0,0
Arizona,AZ,2025,,,,0,1,0,0,0,0,0,,,,,,,0,0,0,0
California,CA,2010,2008,TITLE24,1,0,0,0,1,0,0,0,,,,,,,0,0,0,0
California,CA,2011,2008,TITLE24,2,0,0,0,1,0,0,0,,,,,,,0,1,0,1
California,CA,2012,2008,TITLE24,4,0,0,0,1,0,0,0,,,,,,,0,1,0,1
California,CA,2013,2008,TITLE24,4,0,0,0,1,0,0,0,,,,,,,0,1,0,1
California,CA,2014,2013,TITLE24,0,0,0,0,1,0,0,0,,,,,,,0,1,0,1
California,CA,2015,2013,TITLE24,2,0,0,0,1,0,0,0,,,,,,,0,2,0,1
California,CA,2016,2013,TITLE24,2,0,0,0,1,0,0,0,,,,,,,0,2,0,1
California,CA,2017,2016,TITLE24,0,0,0,0,1,0,0,0,,,,,,,0,2,0,1
California,CA,2018,2016,TITLE24,0,0,0,0,1,0,0,0,,,,,,,0,2,0,1
California,CA,2019,2016,TITLE24,0,0,0,0,1,0,0,0,,,,,,,0,2,0,1
California,CA,2020,2019,TITLE24,0,0,0,0,1,0,0,0,,,,,,,0,2,0,1
California,CA,2021,2019,TITLE24,0,0,0,0,1,0,0,0,,,,,,,1,2,1,1
California,CA,2022,2019,TITLE24,0,0,0,0,1,0,0,0,,,,,,,1,2,1,1
California,CA,2023,2022,TITLE24,0,0,0,0,1,0,0,0,,,,,,,1,2,1,1
California,CA,2024,2022,TITLE24,0,0,0,0,1,0,0,0,,,,,,,1,2,1,1
California,CA,2025,2022,TITLE24,0,0,0,0,1,0,0,0,,,,,,,2,2,1,1
Colorado,CO,2010,2006,IECC,3,0,1,0,1,0,0,0,2021,2026,Energy Performance for Buildings,HB21-1286,,,0,0,0,0
Colorado,CO,2011,2006,IECC,4,0,1,0,1,0,0,0,2021,2026,Energy Performance for Buildings,HB21-1286,,,0,0,0,0
Colorado,CO,2012,2006,IECC,6,0,1,0,1,0,0,0,2021,2026,Energy Performance for Buildings,HB21-1286,,,0,0,0,0
Colorado,CO,2013,2006,IECC,6,0,1,0,1,0,0,0,2021,2026,Energy Performance for Buildings,HB21-1286,,,0,0,0,0
Colorado,CO,2014,2006,IECC,7,0,1,0,1,0,0,0,2021,2026,Energy Performance for Buildings,HB21-1286,,,0,0,0,0
Colorado,CO,2015,2006,IECC,9,0,1,0,1,0,0,0,2021,2026,Energy Performance for Buildings,HB21-1286,,,0,0,0,0
Colorado,CO,2016,2006,IECC,9,0,1,0,1,0,0,0,2021,2026,Energy Performance for Buildings,HB21-1286,,,0,1,0,1
Colorado,CO,2017,2006,IECC,10,0,1,0,1,0,0,0,2021,2026,Energy Performance for Buildings,HB21-1286,,,0,1,0,1
Colorado,CO,2018,2006,IECC,10,0,1,0,1,0,0,0,2021,2026,Energy Performance for Buildings,HB21-1286,,,0,1,0,1
Colorado,CO,2019,2006,IECC,10,0,1,0,1,0,0,0,2021,2026,Energy Performance for Buildings,HB21-1286,,,0,1,0,1
Colorado,CO,2020,2006,IECC,13,0,1,0,1,0,0,0,2021,2026,Energy Performance for Buildings,HB21-1286,,,0,1,0,1
Colorado,CO,2021,2006,IECC,13,0,1,0,1,0,1,0,2021,2026,Energy Performance for Buildings,HB21-1286,,,1,1,1,1
Colorado,CO,2022,2006,IECC,13,0,1,0,1,0,1,0,2021,2026,Energy Performance for Buildings,HB21-1286,,,1,1,1,1
Colorado,CO,2023,2021,IECC,1,0,1,0,1,0,1,0,2021,2026,Energy Performance for Buildings,HB21-1286,,,1,1,1,1
Colorado,CO,2024,2021,IECC,1,0,1,0,1,0,1,0,2021,2026,Energy Performance for Buildings,HB21-1286,,,1,1,1,1
Colorado,CO,2025,2021,IECC,1,0,1,0,1,0,1,0,2021,2026,Energy Performance for Buildings,HB21-1286,,,1,1,1,1
Connecticut,CT,2010,2003,IBC,6,0,0,0,0,0,0,0,,,,,,,0,0,0,0
Connecticut,CT,2011,2006,IECC,4,0,0,0,0,0,0,0,,,,,,,0,0,0,0
Connecticut,CT,2012,2006,IECC,6,0,0,0,0,0,0,0,,,,,,,0,0,0,0
Connecticut,CT,2013,2012,IECC,0,0,0,0,0,0,0,0,,,,,,,0,0,0,0
Connecticut,CT,2014,2012,IECC,1,0,0,0,0,0,0,0,,,,,,,0,0,0,0
Connecticut,CT,2015,2012,IECC,3,0,0,0,0,0,0,0,,,,,,,0,0,0,0
Connecticut,CT,2016,2012,IECC,3,0,0,0,0,0,0,0,,,,,,,0,0,0,0
Connecticut,CT,2017,2012,IECC,4,0,0,0,0,0,0,0,,,,,,,0,0,0,0
Connecticut,CT,2018,2012,IECC,4,0,0,0,0,0,0,0,,,,,,,0,0,0,0
Connecticut,CT,2019,2012,IECC,4,0,0,0,0,0,0,0,,,,,,,0,0,0,0
Connecticut,CT,2020,2012,IECC,7,0,0,0,0,0,0,0,,,,,,,0,0,0,0
Connecticut,CT,2021,2012,IECC,7,0,0,0,0,0,0,0,,,,,,,0,0,0,0
Connecticut,CT,2022,2019,ASHRAE,0,0,0,0,0,0,0,0,,,,,,,0,0,0,0
Connecticut,CT,2023,2019,ASHRAE,3,0,0,0,0,0,0,0,,,,,,,0,0,0,0
Connecticut,CT,2024,2019,ASHRAE,3,0,0,0,0,0,0,0,,,,,,,0,0,0,0
Connecticut,CT,2025,2019,ASHRAE,3,0,0,0,0,0,0,0,,,,,,,0,0,0,0
District of Columbia,DC,2010,2007,ASHRAE,2,0,0,0,1,0,0,0,,,,,,,0,1,0,1
District of Columbia,DC,2011,2007,ASHRAE,3,0,0,0,1,0,0,0,,,,,,,0,1,0,1
District of Columbia,DC,2012,2007,ASHRAE,5,0,0,0,1,0,0,0,,,,,,,0,1,0,1
District of Columbia,DC,2013,2007,ASHRAE,5,0,0,0,1,0,0,0,,,,,,,0,1,0,1
District of Columbia,DC,2014,2013,ASHRAE,0,0,0,0,1,0,0,0,,,,,,,0,1,0,1
District of Columbia,DC,2015,2013,ASHRAE,2,0,0,0,1,0,0,0,,,,,,,0,1,0,1
District of Columbia,DC,2016,2013,ASHRAE,2,0,0,0,1,0,0,0,,,,,,,0,1,0,1
District of Columbia,DC,2017,2013,ASHRAE,3,0,0,0,1,0,0,0,,,,,,,0,1,0,1
District of Columbia,DC,2018,2013,ASHRAE,3,0,0,0,1,0,0,0,,,,,,,1,1,1,1
District of Columbia,DC,2019,2013,ASHRAE,3,0,0,0,1,0,0,0,,,,,,,1,1,1,1
District of Columbia,DC,2020,2013,ASHRAE,6,0,0,0,1,0,0,0,,,,,,,1,1,1,1
District of Columbia,DC,2021,2013,ASHRAE,6,0,0,0,1,0,0,0,,,,,,,1,1,1,1
District of Columbia,DC,2022,2013,ASHRAE,6,0,0,0,1,0,0,0,,,,,,,1,1,1,1
District of Columbia,DC,2023,2013,ASHRAE,9,0,0,0,1,0,0,0,,,,,,,1,1,1,1
District of Columbia,DC,2024,2013,ASHRAE,9,0,0,0,1,0,0,0,,,,,,,1,1,1,1
District of Columbia,DC,2025,2013,ASHRAE,9,0,0,0,1,0,0,0,,,,,,,1,1,1,1
Delaware,DE,2010,2007,ASHRAE,2,0,0,0,0,0,0,0,,,,,,,0,0,0,0
Delaware,DE,2011,2007,ASHRAE,3,0,0,0,0,0,0,0,,,,,,,0,0,0,0
Delaware,DE,2012,2007,ASHRAE,5,0,0,0,0,0,0,0,,,,,,,0,0,0,0
Delaware,DE,2013,2007,ASHRAE,5,0,0,0,0,0,0,0,,,,,,,0,0,0,0
Delaware,DE,2014,2007,ASHRAE,6,0,0,0,0,0,0,0,,,,,,,0,0,0,0
Delaware,DE,2015,2007,ASHRAE,8,0,0,0,0,0,0,0,,,,,,,0,0,0,0
Delaware,DE,2016,2007,ASHRAE,8,0,0,0,0,0,0,0,,,,,,,0,0,0,0
Delaware,DE,2017,2007,ASHRAE,9,0,0,0,0,0,0,0,,,,,,,0,0,0,0
Delaware,DE,2018,2007,ASHRAE,9,0,0,0,0,0,0,0,,,,,,,0,0,0,0
Delaware,DE,2019,2007,ASHRAE,9,0,0,0,0,0,0,0,,,,,,,0,0,0,0
Delaware,DE,2020,2016,ASHRAE,3,0,0,0,0,0,0,0,,,,,,,0,0,0,0
Delaware,DE,2021,2016,ASHRAE,3,0,0,0,0,0,0,0,,,,,,,0,0,0,0
Delaware,DE,2022,2016,ASHRAE,3,0,0,0,0,0,0,0,,,,,,,0,0,0,0
Delaware,DE,2023,2016,ASHRAE,6,0,0,0,0,0,0,0,,,,,,,0,0,0,0
Delaware,DE,2024,2016,ASHRAE,6,0,0,0,0,0,0,0,,,,,,,0,0,0,0
Delaware,DE,2025,2016,ASHRAE,6,0,0,0,0,0,0,0,,,,,,,0,0,0,0
Florida,FL,2010,2006,IECC,3,0,0,0,0,0,0,0,,,,,,,0,0,0,0
Florida,FL,2011,2006,IECC,4,0,0,0,0,0,0,0,,,,,,,0,0,0,0
Florida,FL,2012,2009,IECC,3,0,0,0,0,0,0,0,,,,,,,0,0,0,0
Florida,FL,2013,2009,IECC,3,0,0,0,0,0,0,0,,,,,,,0,0,0,0
Florida,FL,2014,2009,IECC,4,0,0,0,0,0,0,0,,,,,,,0,0,0,0
Florida,FL,2015,2009,IECC,6,0,0,0,0,0,0,0,,,,,,,0,0,0,0
Florida,FL,2016,2009,IECC,6,0,0,0,0,0,0,0,,,,,,,0,1,0,1
Florida,FL,2017,2009,IECC,7,0,0,0,0,0,0,0,,,,,,,0,1,0,1
Florida,FL,2018,2009,IECC,7,0,0,0,0,0,0,0,,,,,,,0,1,0,1
Florida,FL,2019,2009,IECC,7,0,0,0,0,0,0,0,,,,,,,0,1,0,1
Florida,FL,2020,2009,IECC,10,0,0,0,0,0,0,0,,,,,,,0,1,0,1
Florida,FL,2021,2009,IECC,10,0,0,0,0,0,0,0,,,,,,,0,1,0,1
Florida,FL,2022,2009,IECC,10,0,0,0,0,0,0,0,,,,,,,0,1,0,1
Florida,FL,2023,2019,ASHRAE,3,0,0,0,0,0,0,0,,,,,,,0,1,0,1
Florida,FL,2024,2019,ASHRAE,3,0,0,0,0,0,0,0,,,,,,,0,1,0,1
Florida,FL,2025,2019,ASHRAE,3,0,0,0,0,0,0,0,,,,,,,0,1,0,1
Georgia,GA,2010,2006,IECC,3,0,0,0,0,0,0,0,,,,,,,0,0,0,0
Georgia,GA,2011,2006,IECC,4,0,0,0,0,0,0,0,,,,,,,0,0,0,0
Georgia,GA,2012,2006,IECC,6,0,0,0,0,0,0,0,,,,,,,0,0,0,0
Georgia,GA,2013,2006,IECC,6,0,0,0,0,0,0,0,,,,,,,0,0,0,0
Georgia,GA,2014,2006,IECC,7,0,0,0,0,0,0,0,,,,,,,0,0,0,0
Georgia,GA,2015,2006,IECC,9,0,0,0,0,0,0,0,,,,,,,0,1,0,1
Georgia,GA,2016,2006,IECC,9,0,0,0,0,0,0,0,,,,,,,0,1,0,1
Georgia,GA,2017,2006,IECC,10,0,0,0,0,0,0,0,,,,,,,0,1,0,1
Georgia,GA,2018,2006,IECC,10,0,0,0,0,0,0,0,,,,,,,0,1,0,1
Georgia,GA,2019,2006,IECC,10,0,0,0,0,0,0,0,,,,,,,0,1,0,1
Georgia,GA,2020,2013,ASHRAE,6,0,0,0,0,0,0,0,,,,,,,0,1,0,1
Georgia,GA,2021,2013,ASHRAE,6,0,0,0,0,0,0,0,,,,,,,0,1,0,1
Georgia,GA,2022,2013,ASHRAE,6,0,0,0,0,0,0,0,,,,,,,0,1,0,1
Georgia,GA,2023,2013,ASHRAE,9,0,0,0,0,0,0,0,,,,,,,0,1,0,1
Georgia,GA,2024,2013,ASHRAE,9,0,0,0,0,0,0,0,,,,,,,0,1,0,1
Georgia,GA,2025,2013,ASHRAE,9,0,0,0,0,0,0,0,,,,,,,0,1,0,1
Hawaii,HI,2010,2006,IECC,3,0,0,0,0,0,0,0,,,,,,,0,0,0,0
Hawaii,HI,2011,2006,IECC,4,0,0,0,0,0,0,0,,,,,,,0,0,0,0
Hawaii,HI,2012,2006,IECC,6,0,0,0,0,0,0,0,,,,,,,0,0,0,0
Hawaii,HI,2013,2006,IECC,6,0,0,0,0,0,0,0,,,,,,,0,0,0,0
Hawaii,HI,2014,2006,IECC,7,0,0,0,0,0,0,0,,,,,,,0,0,0,0
Hawaii,HI,2015,2013,ASHRAE,2,0,0,0,0,0,0,0,,,,,,,0,0,0,0
Hawaii,HI,2016,2013,ASHRAE,2,0,0,0,0,0,0,0,,,,,,,0,0,0,0
Hawaii,HI,2017,2013,ASHRAE,3,0,0,0,0,0,0,0,,,,,,,0,0,0,0
Hawaii,HI,2018,2013,ASHRAE,3,0,0,0,0,0,0,0,,,,,,,0,0,0,0
Hawaii,HI,2019,2013,ASHRAE,3,0,0,0,0,0,0,0,,,,,,,0,0,0,0
Hawaii,HI,2020,2016,ASHRAE,3,0,0,0,0,0,0,0,,,,,,,0,0,0,0
Hawaii,HI,2021,2016,ASHRAE,3,0,0,0,0,0,0,0,,,,,,,0,0,0,0
Hawaii,HI,2022,2016,ASHRAE,3,0,0,0,0,0,0,0,,,,,,,0,0,0,0
Hawaii,HI,2023,2016,ASHRAE,6,0,0,0,0,0,0,0,,,,,,,0,0,0,0
Hawaii,HI,2024,2016,ASHRAE,6,0,0,0,0,0,0,0,,,,,,,0,0,0,0
Hawaii,HI,2025,2016,ASHRAE,6,0,0,0,0,0,0,0,,,,,,,0,0,0,0
Iowa,IA,2010,2009,IECC,0,0,0,0,0,0,0,0,,,,,,,0,0,0,0
Iowa,IA,2011,2009,IECC,1,0,0,0,0,0,0,0,,,,,,,0,0,0,0
Iowa,IA,2012,2009,IECC,3,0,0,0,0,0,0,0,,,,,,,0,0,0,0
Iowa,IA,2013,2009,IECC,3,0,0,0,0,0,0,0,,,,,,,0,0,0,0
Iowa,IA,2014,2012,IECC,1,0,0,0,0,0,0,0,,,,,,,0,0,0,0
Iowa,IA,2015,2012,IECC,3,0,0,0,0,0,0,0,,,,,,,0,0,0,0
Iowa,IA,2016,2012,IECC,3,0,0,0,0,0,0,0,,,,,,,0,0,0,0
Iowa,IA,2017,2012,IECC,4,0,0,0,0,0,0,0,,,,,,,0,0,0,0
Iowa,IA,2018,2012,IECC,4,0,0,0,0,0,0,0,,,,,,,0,0,0,0
Iowa,IA,2019,2012,IECC,4,0,0,0,0,0,0,0,,,,,,,0,0,0,0
Iowa,IA,2020,2012,IECC,7,0,0,0,0,0,0,0,,,,,,,0,0,0,0
Iowa,IA,2021,2012,IECC,7,0,0,0,0,0,0,0,,,,,,,0,0,0,0
Iowa,IA,2022,2012,IECC,7,0,0,0,0,0,0,0,,,,,,,0,0,0,0
Iowa,IA,2023,2012,IECC,10,0,0,0,0,0,0,0,,,,,,,0,0,0,0
Iowa,IA,2024,2012,IECC,10,0,0,0,0,0,0,0,,,,,,,0,0,0,0
Iowa,IA,2025,2012,IECC,10,0,0,0,0,0,0,0,,,,,,,0,0,0,0
Idaho,ID,2010,2006,IECC,3,0,0,0,0,0,0,0,,,,,,,0,0,0,0
Idaho,ID,2011,2009,IECC,1,0,0,0,0,0,0,0,,,,,,,0,0,0,0
Idaho,ID,2012,2009,IECC,3,0,0,0,0,0,0,0,,,,,,,0,0,0,0
Idaho,ID,2013,2009,IECC,3,0,0,0,0,0,0,0,,,,,,,0,0,0,0
Idaho,ID,2014,2009,IECC,4,0,0,0,0,0,0,0,,,,,,,0,0,0,0
Idaho,ID,2015,2009,IECC,6,0,0,0,0,0,0,0,,,,,,,0,0,0,0
Idaho,ID,2016,2009,IECC,6,0,0,0,0,0,0,0,,,,,,,0,0,0,0
Idaho,ID,2017,2009,IECC,7,0,0,0,0,0,0,0,,,,,,,0,0,0,0
Idaho,ID,2018,2009,IECC,7,0,0,0,0,0,0,0,,,,,,,0,0,0,0
Idaho,ID,2019,2009,IECC,7,0,0,0,0,0,0,0,,,,,,,0,0,0,0
Idaho,ID,2020,2009,IECC,10,0,0,0,0,0,0,0,,,,,,,0,0,0,0
Idaho,ID,2021,2018,IECC,1,0,0,0,0,0,0,0,,,,,,,0,0,0,0
Idaho,ID,2022,2018,IECC,1,0,0,0,0,0,0,0,,,,,,,0,0,0,0
Idaho,ID,2023,2018,IECC,4,0,0,0,0,0,0,0,,,,,,,0,0,0,0
Idaho,ID,2024,2018,IECC,4,0,0,0,0,0,0,0,,,,,,,0,0,0,0
Idaho,ID,2025,2018,IECC,4,0,0,0,0,0,0,0,,,,,,,0,0,0,0
Illinois,IL,2010,2006,IECC,3,0,0,0,0,0,0,0,,,,,,,0,0,0,0
Illinois,IL,2011,2006,IECC,4,0,0,0,0,0,0,0,,,,,,,0,0,0,0
Illinois,IL,2012,2006,IECC,6,0,0,0,0,0,0,0,,,,,,,0,0,0,0
Illinois,IL,2013,2012,IECC,0,0,0,0,0,0,0,0,,,,,,,0,1,0,1
Illinois,IL,2014,2012,IECC,1,0,0,0,0,0,0,0,,,,,,,0,1,0,1
Illinois,IL,2015,2012,IECC,3,0,0,0,0,0,0,0,,,,,,,0,1,0,1
Illinois,IL,2016,2015,IECC,0,0,0,0,0,0,0,0,,,,,,,0,2,0,1
Illinois,IL,2017,2015,IECC,1,0,0,0,0,0,0,0,,,,,,,0,2,0,1
Illinois,IL,2018,2015,IECC,1,0,0,0,0,0,0,0,,,,,,,0,2,0,1
Illinois,IL,2019,2015,IECC,1,0,0,0,0,0,0,0,,,,,,,0,2,0,1
Illinois,IL,2020,2015,IECC,4,0,0,0,0,0,0,0,,,,,,,0,2,0,1
Illinois,IL,2021,2015,IECC,4,0,0,0,0,0,0,0,,,,,,,0,2,0,1
Illinois,IL,2022,2015,IECC,4,0,0,0,0,0,0,0,,,,,,,0,2,0,1
Illinois,IL,2023,2015,IECC,7,0,0,0,0,0,0,0,,,,,,,0,2,0,1
Illinois,IL,2024,2015,IECC,7,0,0,0,0,0,0,0,,,,,,,0,2,0,1
Illinois,IL,2025,2022,ASHRAE,0,0,0,0,0,0,0,0,,,,,,,1,2,1,1
Indiana,IN,2010,2007,ASHRAE,2,0,0,0,0,0,0,0,,,,,,,0,0,0,0
Indiana,IN,2011,2007,ASHRAE,3,0,0,0,0,0,0,0,,,,,,,0,0,0,0
Indiana,IN,2012,2007,ASHRAE,5,0,0,0,0,0,0,0,,,,,,,0,0,0,0
Indiana,IN,2013,2007,ASHRAE,5,0,0,0,0,0,0,0,,,,,,,0,0,0,0
Indiana,IN,2014,2007,ASHRAE,6,0,0,0,0,0,0,0,,,,,,,0,0,0,0
Indiana,IN,2015,2007,ASHRAE,8,0,0,0,0,0,0,0,,,,,,,0,0,0,0
Indiana,IN,2016,2007,ASHRAE,8,0,0,0,0,0,0,0,,,,,,,0,0,0,0
Indiana,IN,2017,2007,ASHRAE,9,0,0,0,0,0,0,0,,,,,,,0,0,0,0
Indiana,IN,2018,2007,ASHRAE,9,0,0,0,0,0,0,0,,,,,,,0,0,0,0
Indiana,IN,2019,2007,ASHRAE,9,0,0,0,0,0,0,0,,,,,,,0,0,0,0
Indiana,IN,2020,2007,ASHRAE,12,0,0,0,0,0,0,0,,,,,,,0,0,0,0
Indiana,IN,2021,2007,ASHRAE,12,0,0,0,0,0,0,0,,,,,,,0,0,0,0
Indiana,IN,2022,2007,ASHRAE,12,0,0,0,0,0,0,0,,,,,,,0,0,0,0
Indiana,IN,2023,2007,ASHRAE,15,0,0,0,0,0,0,0,,,,,,,0,0,0,0
Indiana,IN,2024,2007,ASHRAE,15,0,0,0,0,0,0,0,,,,,,,0,0,0,0
Indiana,IN,2025,2007,ASHRAE,15,0,0,0,0,0,0,0,,,,,,,0,0,0,0
Kansas,KS,2010,,,,0,1,0,0,0,0,0,,,,,,,0,0,0,0
Kansas,KS,2011,,,,0,1,0,0,0,0,0,,,,,,,0,0,0,0
Kansas,KS,2012,,,,0,1,0,0,0,0,0,,,,,,,0,0,0,0
Kansas,KS,2013,,,,0,1,0,0,0,0,0,,,,,,,0,0,0,0
Kansas,KS,2014,,,,0,1,0,0,0,0,0,,,,,,,0,0,0,0
Kansas,KS,2015,,,,0,1,0,0,0,0,0,,,,,,,0,0,0,0
Kansas,KS,2016,,,,0,1,0,0,0,0,0,,,,,,,0,0,0,0
Kansas,KS,2017,,,,0,1,0,0,0,0,0,,,,,,,0,0,0,0
Kansas,KS,2018,,,,0,1,0,0,0,0,0,,,,,,,0,0,0,0
Kansas,KS,2019,,,,0,1,0,0,0,0,0,,,,,,,0,0,0,0
Kansas,KS,2020,,,,0,1,0,0,0,0,0,,,,,,,0,0,0,0
Kansas,KS,2021,,,,0,1,0,0,0,0,0,,,,,,,0,0,0,0
Kansas,KS,2022,,,,0,1,0,0,0,0,0,,,,,,,0,0,0,0
Kansas,KS,2023,,,,0,1,0,0,0,0,0,,,,,,,0,0,0,0
Kansas,KS,2024,,,,0,1,0,0,0,0,0,,,,,,,0,0,0,0
Kansas,KS,2025,,,,0,1,0,0,0,0,0,,,,,,,0,0,0,0
Kentucky,KY,2010,2006,IECC,3,0,0,0,0,0,0,0,,,,,,,0,0,0,0
Kentucky,KY,2011,2009,IECC,1,0,0,0,0,0,0,0,,,,,,,0,0,0,0
Kentucky,KY,2012,2009,IECC,3,0,0,0,0,0,0,0,,,,,,,0,0,0,0
Kentucky,KY,2013,2009,IECC,3,0,0,0,0,0,0,0,,,,,,,0,0,0,0
Kentucky,KY,2014,2010,ASHRAE,3,0,0,0,0,0,0,0,,,,,,,0,0,0,0
Kentucky,KY,2015,2010,ASHRAE,5,0,0,0,0,0,0,0,,,,,,,0,0,0,0
Kentucky,KY,2016,2010,ASHRAE,5,0,0,0,0,0,0,0,,,,,,,0,0,0,0
Kentucky,KY,2017,2010,ASHRAE,6,0,0,0,0,0,0,0,,,,,,,0,0,0,0
Kentucky,KY,2018,2010,ASHRAE,6,0,0,0,0,0,0,0,,,,,,,0,0,0,0
Kentucky,KY,2019,2010,ASHRAE,6,0,0,0,0,0,0,0,,,,,,,0,0,0,0
Kentucky,KY,2020,2010,ASHRAE,9,0,0,0,0,0,0,0,,,,,,,0,0,0,0
Kentucky,KY,2021,2010,ASHRAE,9,0,0,0,0,0,0,0,,,,,,,0,0,0,0
Kentucky,KY,2022,2010,ASHRAE,9,0,0,0,0,0,0,0,,,,,,,0,0,0,0
Kentucky,KY,2023,2010,ASHRAE,12,0,0,0,0,0,0,0,,,,,,,0,0,0,0
Kentucky,KY,2024,2010,ASHRAE,12,0,0,0,0,0,0,0,,,,,,,0,0,0,0
Kentucky,KY,2025,2010,ASHRAE,12,0,0,0,0,0,0,0,,,,,,,0,0,0,0
Louisiana,LA,2010,,,,0,0,0,0,0,0,0,,,,,,,0,0,0,0
Louisiana,LA,2011,2007,ASHRAE,3,0,0,0,0,0,0,0,,,,,,,0,0,0,0
Louisiana,LA,2012,2007,ASHRAE,5,0,0,0,0,0,0,0,,,,,,,0,0,0,0
Louisiana,LA,2013,2007,ASHRAE,5,0,0,0,0,0,0,0,,,,,,,0,0,0,0
Louisiana,LA,2014,2007,ASHRAE,6,0,0,0,0,0,0,0,,,,,,,0,0,0,0
Louisiana,LA,2015,2007,ASHRAE,8,0,0,0,0,0,0,0,,,,,,,0,0,0,0
Louisiana,LA,2016,2007,ASHRAE,8,0,0,0,0,0,0,0,,,,,,,0,0,0,0
Louisiana,LA,2017,2007,ASHRAE,9,0,0,0,0,0,0,0,,,,,,,0,0,0,0
Louisiana,LA,2018,2007,ASHRAE,9,0,0,0,0,0,0,0,,,,,,,0,0,0,0
Louisiana,LA,2019,2007,ASHRAE,9,0,0,0,0,0,0,0,,,,,,,0,0,0,0
Louisiana,LA,2020,2007,ASHRAE,12,0,0,0,0,0,0,0,,,,,,,0,0,0,0
Louisiana,LA,2021,2007,ASHRAE,12,0,0,0,0,0,0,0,,,,,,,0,0,0,0
Louisiana,LA,2022,2007,ASHRAE,12,0,0,0,0,0,0,0,,,,,,,0,0,0,0
Louisiana,LA,2023,2021,IECC,1,0,0,0,0,0,0,0,,,,,,,0,0,0,0
Louisiana,LA,2024,2021,IECC,1,0,0,0,0,0,0,0,,,,,,,0,0,0,0
Louisiana,LA,2025,2021,IECC,1,0,0,0,0,0,0,0,,,,,,,0,0,0,0
Massachusetts,MA,2010,2007,ASHRAE,2,0,0,0,1,0,0,0,,,,,,,0,0,0,0
Massachusetts,MA,2011,2007,ASHRAE,3,0,0,0,1,0,0,0,,,,,,,0,0,0,0
Massachusetts,MA,2012,2007,ASHRAE,5,0,0,0,1,0,0,0,,,,,,,0,0,0,0
Massachusetts,MA,2013,2007,ASHRAE,5,0,0,0,1,0,0,0,,,,,,,0,1,0,1
Massachusetts,MA,2014,2007,ASHRAE,6,0,0,0,1,0,0,0,,,,,,,0,2,0,1
Massachusetts,MA,2015,2007,ASHRAE,8,0,0,0,1,0,0,0,,,,,,,0,2,0,1
Massachusetts,MA,2016,2007,ASHRAE,8,0,0,0,1,0,0,0,,,,,,,0,2,0,1
Massachusetts,MA,2017,2007,ASHRAE,9,0,0,0,1,0,0,0,,,,,,,0,2,0,1
Massachusetts,MA,2018,2007,ASHRAE,9,0,0,0,1,0,0,0,,,,,,,0,2,0,1
Massachusetts,MA,2019,2007,ASHRAE,9,0,0,0,1,0,0,0,,,,,,,0,2,0,1
Massachusetts,MA,2020,2007,ASHRAE,12,0,0,0,1,0,0,0,,,,,,,0,2,0,1
Massachusetts,MA,2021,2007,ASHRAE,12,0,0,0,1,0,0,0,,,,,,,1,2,1,1
Massachusetts,MA,2022,2007,ASHRAE,12,0,0,0,1,0,0,0,,,,,,,1,2,1,1
Massachusetts,MA,2023,2007,ASHRAE,15,0,0,0,1,0,0,0,,,,,,,2,2,1,1
Massachusetts,MA,2024,2019,ASHRAE,3,0,0,0,1,0,0,0,,,,,,,3,2,1,1
Massachusetts,MA,2025,2019,ASHRAE,3,0,0,0,1,0,0,0,,,,,,,3,2,1,1
Maryland,MD,2010,2009,IECC,0,0,0,0,1,0,0,0,2022,2030,Climate Solutions Now Act,SB 528,,230,0,0,0,0
Maryland,MD,2011,2009,IECC,1,0,0,0,1,0,0,0,2022,2030,Climate Solutions Now Act,SB 528,,230,0,0,0,0
Maryland,MD,2012,2012,IECC,0,0,0,0,1,0,0,0,2022,2030,Climate Solutions Now Act,SB 528,,230,0,0,0,0
Maryland,MD,2013,2012,IECC,0,0,0,0,1,0,0,0,2022,2030,Climate Solutions Now Act,SB 528,,230,0,0,0,0
Maryland,MD,2014,2012,IECC,1,0,0,0,1,0,0,0,2022,2030,Climate Solutions Now Act,SB 528,,230,0,1,0,1
Maryland,MD,2015,2015,IECC,0,0,0,0,1,0,0,0,2022,2030,Climate Solutions Now Act,SB 528,,230,0,1,0,1
Maryland,MD,2016,2015,IECC,0,0,0,0,1,0,0,0,2022,2030,Climate Solutions Now Act,SB 528,,230,0,1,0,1
Maryland,MD,2017,2015,IECC,1,0,0,0,1,0,0,0,2022,2030,Climate Solutions Now Act,SB 528,,230,0,1,0,1
Maryland,MD,2018,2015,IECC,1,0,0,0,1,0,0,0,2022,2030,Climate Solutions Now Act,SB 528,,230,0,1,0,1
Maryland,MD,2019,2015,IECC,1,0,0,0,1,0,0,0,2022,2030,Climate Solutions Now Act,SB 528,,230,0,1,0,1
Maryland,MD,2020,2015,IECC,4,0,0,0,1,0,0,0,2022,2030,Climate Solutions Now Act,SB 528,,230,0,1,0,1
Maryland,MD,2021,2015,IECC,4,0,0,0,1,0,0,0,2022,2030,Climate Solutions Now Act,SB 528,,230,0,1,0,1
Maryland,MD,2022,2015,IECC,4,0,0,0,1,0,1,0,2022,2030,Climate Solutions Now Act,SB 528,,230,1,1,1,1
Maryland,MD,2023,2019,ASHRAE,3,0,0,0,1,0,1,0,2022,2030,Climate Solutions Now Act,SB 528,,230,1,1,1,1
Maryland,MD,2024,2019,ASHRAE,3,0,0,0,1,0,1,0,2022,2030,Climate Solutions Now Act,SB 528,,230,1,1,1,1
Maryland,MD,2025,2019,ASHRAE,3,0,0,0,1,0,1,0,2022,2030,Climate Solutions Now Act,SB 528,,230,1,1,1,1
Maine,ME,2010,2007,ASHRAE,2,0,0,0,1,0,0,0,,,,,,,0,0,0,0
Maine,ME,2011,2007,ASHRAE,3,0,0,0,1,0,0,0,,,,,,,0,0,0,0
Maine,ME,2012,2007,ASHRAE,5,0,0,0,1,0,0,0,,,,,,,0,0,0,0
Maine,ME,2013,2007,ASHRAE,5,0,0,0,1,0,0,0,,,,,,,0,0,0,0
Maine,ME,2014,2007,ASHRAE,6,0,0,0,1,0,0,0,,,,,,,0,0,0,0
Maine,ME,2015,2007,ASHRAE,8,0,0,0,1,0,0,0,,,,,,,0,0,0,0
Maine,ME,2016,2007,ASHRAE,8,0,0,0,1,0,0,0,,,,,,,0,0,0,0
Maine,ME,2017,2007,ASHRAE,9,0,0,0,1,0,0,0,,,,,,,0,0,0,0
Maine,ME,2018,2007,ASHRAE,9,0,0,0,1,0,0,0,,,,,,,0,0,0,0
Maine,ME,2019,2007,ASHRAE,9,0,0,0,1,0,0,0,,,,,,,0,0,0,0
Maine,ME,2020,2007,ASHRAE,12,0,0,0,1,0,0,0,,,,,,,0,0,0,0
Maine,ME,2021,2007,ASHRAE,12,0,0,0,1,0,0,0,,,,,,,0,0,0,0
Maine,ME,2022,2007,ASHRAE,12,0,0,0,1,0,0,0,,,,,,,0,0,0,0
Maine,ME,2023,2007,ASHRAE,15,0,0,0,1,0,0,0,,,,,,,0,0,0,0
Maine,ME,2024,2007,ASHRAE,15,0,0,0,1,0,0,0,,,,,,,0,0,0,0
Maine,ME,2025,2019,ASHRAE,3,0,0,0,1,0,0,0,,,,,,,0,0,0,0
Michigan,MI,2010,2004,IECC,5,0,0,0,0,1,0,0,,,,,,,0,0,0,0
Michigan,MI,2011,2004,IECC,6,0,0,0,0,1,0,0,,,,,,,0,0,0,0
Michigan,MI,2012,2004,IECC,8,0,0,0,0,1,0,0,,,,,,,0,0,0,0
Michigan,MI,2013,2004,IECC,8,0,0,0,0,1,0,0,,,,,,,0,0,0,0
Michigan,MI,2014,2004,IECC,9,0,0,0,0,1,0,0,,,,,,,0,0,0,0
Michigan,MI,2015,2004,IECC,11,0,0,0,0,1,0,0,,,,,,,0,0,0,0
Michigan,MI,2016,2004,IECC,11,0,0,0,0,1,0,0,,,,,,,0,0,0,0
Michigan,MI,2017,2004,IECC,12,0,0,0,0,1,0,0,,,,,,,0,0,0,0
Michigan,MI,2018,2004,IECC,12,0,0,0,0,1,0,0,,,,,,,0,0,0,0
Michigan,MI,2019,2004,IECC,12,0,0,0,0,1,0,0,,,,,,,0,0,0,0
Michigan,MI,2020,2004,IECC,15,0,0,0,0,1,0,0,,,,,,,0,0,0,0
Michigan,MI,2021,2004,IECC,15,0,0,0,0,1,0,0,,,,,,,0,1,0,1
Michigan,MI,2022,2004,IECC,15,0,0,0,0,1,0,0,,,,,,,0,1,0,1
Michigan,MI,2023,2004,IECC,18,0,0,0,0,1,0,0,,,,,,,0,1,0,1
Michigan,MI,2024,2004,IECC,18,0,0,0,0,1,0,0,,,,,,,0,1,0,1
Michigan,MI,2025,2019,ASHRAE,3,0,0,0,0,1,0,0,,,,,,,0,1,0,1
Minnesota,MN,2010,2004,ASHRAE,5,0,0,0,0,0,0,0,,,,,,,0,0,0,0
Minnesota,MN,2011,2004,ASHRAE,6,0,0,0,0,0,0,0,,,,,,,0,0,0,0
Minnesota,MN,2012,2004,ASHRAE,8,0,0,0,0,0,0,0,,,,,,,0,0,0,0
Minnesota,MN,2013,2004,ASHRAE,8,0,0,0,0,0,0,0,,,,,,,0,1,0,1
Minnesota,MN,2014,2004,ASHRAE,9,0,0,0,0,0,0,0,,,,,,,0,1,0,1
Minnesota,MN,2015,2004,ASHRAE,11,0,0,0,0,0,0,0,,,,,,,0,1,0,1
Minnesota,MN,2016,2004,ASHRAE,11,0,0,0,0,0,0,0,,,,,,,0,1,0,1
Minnesota,MN,2017,2004,ASHRAE,12,0,0,0,0,0,0,0,,,,,,,0,1,0,1
Minnesota,MN,2018,2004,ASHRAE,12,0,0,0,0,0,0,0,,,,,,,0,1,0,1
Minnesota,MN,2019,2004,ASHRAE,12,0,0,0,0,0,0,0,,,,,,,0,1,0,1
Minnesota,MN,2020,2004,ASHRAE,15,0,0,0,0,0,0,0,,,,,,,0,1,0,1
Minnesota,MN,2021,2004,ASHRAE,15,0,0,0,0,0,0,0,,,,,,,0,1,0,1
Minnesota,MN,2022,2004,ASHRAE,15,0,0,0,0,0,0,0,,,,,,,0,1,0,1
Minnesota,MN,2023,2004,ASHRAE,18,0,0,0,0,0,0,0,,,,,,,0,1,0,1
Minnesota,MN,2024,2019,ASHRAE,3,0,0,0,0,0,0,0,,,,,,,0,1,0,1
Minnesota,MN,2025,2019,ASHRAE,3,0,0,0,0,0,0,0,,,,,,,0,1,0,1
Missouri,MO,2010,,,,0,1,0,0,0,0,0,,,,,,,0,0,0,0
Missouri,MO,2011,,,,0,1,0,0,0,0,0,,,,,,,0,0,0,0
Missouri,MO,2012,,,,0,1,0,0,0,0,0,,,,,,,0,0,0,0
Missouri,MO,2013,,,,0,1,0,0,0,0,0,,,,,,,0,0,0,0
Missouri,MO,2014,,,,0,1,0,0,0,0,0,,,,,,,0,0,0,0
Missouri,MO,2015,,,,0,1,0,0,0,0,0,,,,,,,0,1,0,1
Missouri,MO,2016,,,,0,1,0,0,0,0,0,,,,,,,0,1,0,1
Missouri,MO,2017,,,,0,1,0,0,0,0,0,,,,,,,0,2,0,1
Missouri,MO,2018,,,,0,1,0,0,0,0,0,,,,,,,0,2,0,1
Missouri,MO,2019,,,,0,1,0,0,0,0,0,,,,,,,0,2,0,1
Missouri,MO,2020,,,,0,1,0,0,0,0,0,,,,,,,1,2,1,1
Missouri,MO,2021,,,,0,1,0,0,0,0,0,,,,,,,1,2,1,1
Missouri,MO,2022,,,,0,1,0,0,0,0,0,,,,,,,1,2,1,1
Missouri,MO,2023,,,,0,1,0,0,0,0,0,,,,,,,1,2,1,1
Missouri,MO,2024,,,,0,1,0,0,0,0,0,,,,,,,1,2,1,1
Missouri,MO,2025,,,,0,1,0,0,0,0,0,,,,,,,1,2,1,1
Mississippi,MS,2010,,,,0,1,0,0,0,0,0,,,,,,,0,0,0,0
Mississippi,MS,2011,,,,0,1,0,0,0,0,0,,,,,,,0,0,0,0
Mississippi,MS,2012,,,,0,1,0,0,0,0,0,,,,,,,0,0,0,0
Mississippi,MS,2013,,,,0,1,0,0,0,0,0,,,,,,,0,0,0,0
Mississippi,MS,2014,,,,0,1,0,0,0,0,0,,,,,,,0,0,0,0
Mississippi,MS,2015,,,,0,1,0,0,0,0,0,,,,,,,0,0,0,0
Mississippi,MS,2016,,,,0,1,0,0,0,0,0,,,,,,,0,0,0,0
Mississippi,MS,2017,,,,0,1,0,0,0,0,0,,,,,,,0,0,0,0
Mississippi,MS,2018,,,,0,1,0,0,0,0,0,,,,,,,0,0,0,0
Mississippi,MS,2019,,,,0,1,0,0,0,0,0,,,,,,,0,0,0,0
Mississippi,MS,2020,,,,0,1,0,0,0,0,0,,,,,,,0,0,0,0
Mississippi,MS,2021,,,,0,1,0,0,0,0,0,,,,,,,0,0,0,0
Mississippi,MS,2022,,,,0,1,0,0,0,0,0,,,,,,,0,0,0,0
Mississippi,MS,2023,,,,0,1,0,0,0,0,0,,,,,,,0,0,0,0
Mississippi,MS,2024,,,,0,1,0,0,0,0,0,,,,,,,0,0,0,0
Mississippi,MS,2025,,,,0,1,0,0,0,0,0,,,,,,,0,0,0,0
Montana,MT,2010,2009,IECC,0,0,0,0,0,0,0,0,,,,,,,0,0,0,0
Montana,MT,2011,2009,IECC,1,0,0,0,0,0,0,0,,,,,,,0,0,0,0
Montana,MT,2012,2009,IECC,3,0,0,0,0,0,0,0,,,,,,,0,0,0,0
Montana,MT,2013,2009,IECC,3,0,0,0,0,0,0,0,,,,,,,0,0,0,0
Montana,MT,2014,2009,IECC,4,0,0,0,0,0,0,0,,,,,,,0,0,0,0
Montana,MT,2015,2009,IECC,6,0,0,0,0,0,0,0,,,,,,,0,0,0,0
Montana,MT,2016,2009,IECC,6,0,0,0,0,0,0,0,,,,,,,0,0,0,0
Montana,MT,2017,2009,IECC,7,0,0,0,0,0,0,0,,,,,,,0,0,0,0
Montana,MT,2018,2009,IECC,7,0,0,0,0,0,0,0,,,,,,,0,0,0,0
Montana,MT,2019,2009,IECC,7,0,0,0,0,0,0,0,,,,,,,0,0,0,0
Montana,MT,2020,2009,IECC,10,0,0,0,0,0,0,0,,,,,,,0,0,0,0
Montana,MT,2021,2009,IECC,10,0,0,0,0,0,0,0,,,,,,,0,0,0,0
Montana,MT,2022,2009,IECC,10,0,0,0,0,0,0,0,,,,,,,0,0,0,0
Montana,MT,2023,2009,IECC,13,0,0,0,0,0,0,0,,,,,,,0,0,0,0
Montana,MT,2024,2019,ASHRAE,3,0,0,0,0,0,0,0,,,,,,,0,0,0,0
Montana,MT,2025,2019,ASHRAE,3,0,0,0,0,0,0,0,,,,,,,0,0,0,0
North Carolina,NC,2010,2006,IECC,3,0,0,1,0,0,0,0,,,,,,,0,0,0,0
North Carolina,NC,2011,2006,IECC,4,0,0,1,0,0,0,0,,,,,,,0,0,0,0
North Carolina,NC,2012,2009,IECC,3,0,0,1,0,0,0,0,,,,,,,0,0,0,0
North Carolina,NC,2013,2009,IECC,3,0,0,1,0,0,0,0,,,,,,,0,0,0,0
North Carolina,NC,2014,2009,IECC,4,0,0,1,0,0,0,0,,,,,,,0,0,0,0
North Carolina,NC,2015,2009,IECC,6,0,0,1,0,0,0,0,,,,,,,0,0,0,0
North Carolina,NC,2016,2009,IECC,6,0,0,1,0,0,0,0,,,,,,,0,0,0,0
North Carolina,NC,2017,2009,IECC,7,0,0,1,0,0,0,0,,,,,,,0,0,0,0
North Carolina,NC,2018,2009,IECC,7,0,0,1,0,0,0,0,,,,,,,0,0,0,0
North Carolina,NC,2019,2013,ASHRAE,3,0,0,1,0,0,0,0,,,,,,,0,0,0,0
North Carolina,NC,2020,2013,ASHRAE,6,0,0,1,0,0,0,0,,,,,,,0,0,0,0
North Carolina,NC,2021,2013,ASHRAE,6,0,0,1,0,0,0,0,,,,,,,0,0,0,0
North Carolina,NC,2022,2013,ASHRAE,6,0,0,1,0,0,0,0,,,,,,,0,0,0,0
North Carolina,NC,2023,2013,ASHRAE,9,0,0,1,0,0,0,0,,,,,,,0,0,0,0
North Carolina,NC,2024,2013,ASHRAE,9,0,0,1,0,0,0,0,,,,,,,0,0,0,0
North Carolina,NC,2025,2013,ASHRAE,9,0,0,1,0,0,0,0,,,,,,,0,0,0,0
North Dakota,ND,2010,,,,0,1,0,0,0,0,0,,,,,,,0,0,0,0
North Dakota,ND,2011,,,,0,1,0,0,0,0,0,,,,,,,0,0,0,0
North Dakota,ND,2012,,,,0,1,0,0,0,0,0,,,,,,,0,0,0,0
North Dakota,ND,2013,,,,0,1,0,0,0,0,0,,,,,,,0,0,0,0
North Dakota,ND,2014,,,,0,1,0,0,0,0,0,,,,,,,0,0,0,0
North Dakota,ND,2015,,,,0,1,0,0,0,0,0,,,,,,,0,0,0,0
North Dakota,ND,2016,,,,0,1,0,0,0,0,0,,,,,,,0,0,0,0
North Dakota,ND,2017,,,,0,1,0,0,0,0,0,,,,,,,0,0,0,0
North Dakota,ND,2018,,,,0,1,0,0,0,0,0,,,,,,,0,0,0,0
North Dakota,ND,2019,,,,0,1,0,0,0,0,0,,,,,,,0,0,0,0
North Dakota,ND,2020,,,,0,1,0,0,0,0,0,,,,,,,0,0,0,0
North Dakota,ND,2021,,,,0,1,0,0,0,0,0,,,,,,,0,0,0,0
North Dakota,ND,2022,,,,0,1,0,0,0,0,0,,,,,,,0,0,0,0
North Dakota,ND,2023,,,,0,1,0,0,0,0,0,,,,,,,0,0,0,0
North Dakota,ND,2024,,,,0,1,0,0,0,0,0,,,,,,,0,0,0,0
North Dakota,ND,2025,,,,0,1,0,0,0,0,0,,,,,,,0,0,0,0
Nebraska,NE,2010,2003,IECC,6,0,0,0,0,0,0,0,,,,,,,0,0,0,0
Nebraska,NE,2011,2007,ASHRAE,3,0,0,0,0,0,0,0,,,,,,,0,0,0,0
Nebraska,NE,2012,2007,ASHRAE,5,0,0,0,0,0,0,0,,,,,,,0,0,0,0
Nebraska,NE,2013,2007,ASHRAE,5,0,0,0,0,0,0,0,,,,,,,0,0,0,0
Nebraska,NE,2014,2007,ASHRAE,6,0,0,0,0,0,0,0,,,,,,,0,0,0,0
Nebraska,NE,2015,2007,ASHRAE,8,0,0,0,0,0,0,0,,,,,,,0,0,0,0
Nebraska,NE,2016,2007,ASHRAE,8,0,0,0,0,0,0,0,,,,,,,0,0,0,0
Nebraska,NE,2017,2007,ASHRAE,9,0,0,0,0,0,0,0,,,,,,,0,0,0,0
Nebraska,NE,2018,2007,ASHRAE,9,0,0,0,0,0,0,0,,,,,,,0,0,0,0
Nebraska,NE,2019,2007,ASHRAE,9,0,0,0,0,0,0,0,,,,,,,0,0,0,0
Nebraska,NE,2020,2018,IECC,1,0,0,0,0,0,0,0,,,,,,,0,0,0,0
Nebraska,NE,2021,2018,IECC,1,0,0,0,0,0,0,0,,,,,,,0,0,0,0
Nebraska,NE,2022,2018,IECC,1,0,0,0,0,0,0,0,,,,,,,0,0,0,0
Nebraska,NE,2023,2018,IECC,4,0,0,0,0,0,0,0,,,,,,,0,0,0,0
Nebraska,NE,2024,2018,IECC,4,0,0,0,0,0,0,0,,,,,,,0,0,0,0
Nebraska,NE,2025,2018,IECC,4,0,0,0,0,0,0,0,,,,,,,0,0,0,0
New Hampshire,NH,2010,2009,IECC,0,0,0,0,0,0,0,0,,,,,,,0,0,0,0
New Hampshire,NH,2011,2009,IECC,1,0,0,0,0,0,0,0,,,,,,,0,0,0,0
New Hampshire,NH,2012,2009,IECC,3,0,0,0,0,0,0,0,,,,,,,0,0,0,0
New Hampshire,NH,2013,2009,IECC,3,0,0,0,0,0,0,0,,,,,,,0,0,0,0
New Hampshire,NH,2014,2009,IECC,4,0,0,0,0,0,0,0,,,,,,,0,0,0,0
New Hampshire,NH,2015,2009,IECC,6,0,0,0,0,0,0,0,,,,,,,0,0,0,0
New Hampshire,NH,2016,2009,IECC,6,0,0,0,0,0,0,0,,,,,,,0,0,0,0
New Hampshire,NH,2017,2009,IECC,7,0,0,0,0,0,0,0,,,,,,,0,0,0,0
New Hampshire,NH,2018,2009,IECC,7,0,0,0,0,0,0,0,,,,,,,0,0,0,0
New Hampshire,NH,2019,2009,IECC,7,0,0,0,0,0,0,0,,,,,,,0,0,0,0
New Hampshire,NH,2020,2009,IECC,10,0,0,0,0,0,0,0,,,,,,,0,0,0,0
New Hampshire,NH,2021,2009,IECC,10,0,0,0,0,0,0,0,,,,,,,0,0,0,0
New Hampshire,NH,2022,2009,IECC,10,0,0,0,0,0,0,0,,,,,,,0,0,0,0
New Hampshire,NH,2023,2016,ASHRAE,6,0,0,0,0,0,0,0,,,,,,,0,0,0,0
New Hampshire,NH,2024,2016,ASHRAE,6,0,0,0,0,0,0,0,,,,,,,0,0,0,0
New Hampshire,NH,2025,2016,ASHRAE,6,0,0,0,0,0,0,0,,,,,,,0,0,0,0
New Jersey,NJ,2010,2007,ASHRAE,2,0,0,0,0,0,0,0,,,,,,,0,0,0,0
New Jersey,NJ,2011,2007,ASHRAE,3,0,0,0,0,0,0,0,,,,,,,0,0,0,0
New Jersey,NJ,2012,2007,ASHRAE,5,0,0,0,0,0,0,0,,,,,,,0,0,0,0
New Jersey,NJ,2013,2007,ASHRAE,5,0,0,0,0,0,0,0,,,,,,,0,0,0,0
New Jersey,NJ,2014,2007,ASHRAE,6,0,0,0,0,0,0,0,,,,,,,0,0,0,0
New Jersey,NJ,2015,2007,ASHRAE,8,0,0,0,0,0,0,0,,,,,,,0,0,0,0
New Jersey,NJ,2016,2007,ASHRAE,8,0,0,0,0,0,0,0,,,,,,,0,0,0,0
New Jersey,NJ,2017,2007,ASHRAE,9,0,0,0,0,0,0,0,,,,,,,0,0,0,0
New Jersey,NJ,2018,2007,ASHRAE,9,0,0,0,0,0,0,0,,,,,,,0,0,0,0
New Jersey,NJ,2019,2007,ASHRAE,9,0,0,0,0,0,0,0,,,,,,,0,0,0,0
New Jersey,NJ,2020,2007,ASHRAE,12,0,0,0,0,0,0,0,,,,,,,0,0,0,0
New Jersey,NJ,2021,2007,ASHRAE,12,0,0,0,0,0,0,0,,,,,,,0,0,0,0
New Jersey,NJ,2022,2007,ASHRAE,12,0,0,0,0,0,0,0,,,,,,,0,0,0,0
New Jersey,NJ,2023,2019,ASHRAE,3,0,0,0,0,0,0,0,,,,,,,0,0,0,0
New Jersey,NJ,2024,2019,ASHRAE,3,0,0,0,0,0,0,0,,,,,,,0,0,0,0
New Jersey,NJ,2025,2019,ASHRAE,3,0,0,0,0,0,0,0,,,,,,,0,0,0,0
New Mexico,NM,2010,2004,ASHRAE,5,0,0,0,1,0,0,0,,,,,,,0,0,0,0
New Mexico,NM,2011,2004,ASHRAE,6,0,0,0,1,0,0,0,,,,,,,0,0,0,0
New Mexico,NM,2012,2004,ASHRAE,8,0,0,0,1,0,0,0,,,,,,,0,0,0,0
New Mexico,NM,2013,2004,ASHRAE,8,0,0,0,1,0,0,0,,,,,,,0,0,0,0
New Mexico,NM,2014,2004,ASHRAE,9,0,0,0,1,0,0,0,,,,,,,0,0,0,0
New Mexico,NM,2015,2004,ASHRAE,11,0,0,0,1,0,0,0,,,,,,,0,0,0,0
New Mexico,NM,2016,2004,ASHRAE,11,0,0,0,1,0,0,0,,,,,,,0,0,0,0
New Mexico,NM,2017,2004,ASHRAE,12,0,0,0,1,0,0,0,,,,,,,0,0,0,0
New Mexico,NM,2018,2004,ASHRAE,12,0,0,0,1,0,0,0,,,,,,,0,0,0,0
New Mexico,NM,2019,2004,ASHRAE,12,0,0,0,1,0,0,0,,,,,,,0,0,0,0
New Mexico,NM,2020,2004,ASHRAE,15,0,0,0,1,0,0,0,,,,,,,0,0,0,0
New Mexico,NM,2021,2004,ASHRAE,15,0,0,0,1,0,0,0,,,,,,,0,0,0,0
New Mexico,NM,2022,2004,ASHRAE,15,0,0,0,1,0,0,0,,,,,,,0,0,0,0
New Mexico,NM,2023,2004,ASHRAE,18,0,0,0,1,0,0,0,,,,,,,0,0,0,0
New Mexico,NM,2024,2019,ASHRAE,3,0,0,0,1,0,0,0,,,,,,,0,0,0,0
New Mexico,NM,2025,2019,ASHRAE,3,0,0,0,1,0,0,0,,,,,,,0,0,0,0
Nevada,NV,2010,,,,0,0,0,0,0,0,0,,,,,,,0,0,0,0
Nevada,NV,2011,,,,0,0,0,0,0,0,0,,,,,,,0,0,0,0
Nevada,NV,2012,2009,IECC,3,0,0,0,0,0,0,0,,,,,,,0,0,0,0
Nevada,NV,2013,2009,IECC,3,0,0,0,0,0,0,0,,,,,,,0,0,0,0
Nevada,NV,2014,2009,IECC,4,0,0,0,0,0,0,0,,,,,,,0,0,0,0
Nevada,NV,2015,2009,IECC,6,0,0,0,0,0,0,0,,,,,,,0,0,0,0
Nevada,NV,2016,2009,IECC,6,0,0,0,0,0,0,0,,,,,,,0,0,0,0
Nevada,NV,2017,2009,IECC,7,0,0,0,0,0,0,0,,,,,,,0,0,0,0
Nevada,NV,2018,2009,IECC,7,0,0,0,0,0,0,0,,,,,,,0,0,0,0
Nevada,NV,2019,2009,IECC,7,0,0,0,0,0,0,0,,,,,,,0,1,0,1
Nevada,NV,2020,2009,IECC,10,0,0,0,0,0,0,0,,,,,,,0,1,0,1
Nevada,NV,2021,2009,IECC,10,0,0,0,0,0,0,0,,,,,,,0,1,0,1
Nevada,NV,2022,2009,IECC,10,0,0,0,0,0,0,0,,,,,,,0,1,0,1
Nevada,NV,2023,2009,IECC,13,0,0,0,0,0,0,0,,,,,,,0,1,0,1
Nevada,NV,2024,2022,ASHRAE,0,0,0,0,0,0,0,0,,,,,,,0,1,0,1
Nevada,NV,2025,2022,ASHRAE,0,0,0,0,0,0,0,0,,,,,,,0,1,0,1
New York,NY,2010,2007,ASHRAE,2,0,0,0,1,0,0,0,,,,,,,0,1,0,1
New York,NY,2011,2007,ASHRAE,3,0,0,0,1,0,0,0,,,,,,,0,1,0,1
New York,NY,2012,2007,ASHRAE,5,0,0,0,1,0,0,0,,,,,,,0,1,0,1
New York,NY,2013,2007,ASHRAE,5,0,0,0,1,0,0,0,,,,,,,0,1,0,1
New York,NY,2014,2007,ASHRAE,6,0,0,0,1,0,0,0,,,,,,,0,1,0,1
New York,NY,2015,2007,ASHRAE,8,0,0,0,1,0,0,0,,,,,,,0,1,0,1
New York,NY,2016,2013,ASHRAE,2,0,0,0,1,0,0,0,,,,,,,0,1,0,1
New York,NY,2017,2013,ASHRAE,3,0,0,0,1,0,0,0,,,,,,,0,1,0,1
New York,NY,2018,2013,ASHRAE,3,0,0,0,1,0,0,0,,,,,,,0,1,0,1
New York,NY,2019,2013,ASHRAE,3,0,0,0,1,0,0,0,,,,,,,1,1,1,1
New York,NY,2020,2016,ASHRAE,3,0,0,0,1,0,0,0,,,,,,,1,1,1,1
New York,NY,2021,2016,ASHRAE,3,0,0,0,1,0,0,0,,,,,,,1,1,1,1
New York,NY,2022,2016,ASHRAE,3,0,0,0,1,0,0,0,,,,,,,1,1,1,1
New York,NY,2023,2016,ASHRAE,6,0,0,0,1,0,0,0,,,,,,,1,1,1,1
New York,NY,2024,2016,ASHRAE,6,0,0,0,1,0,0,0,,,,,,,1,1,1,1
New York,NY,2025,2022,ASHRAE,0,0,0,0,1,0,0,0,,,,,,,1,1,1,1
Ohio,OH,2010,2006,IECC,3,0,0,1,0,1,0,0,,,,,,,0,0,0,0
Ohio,OH,2011,2007,ASHRAE,3,0,0,1,0,1,0,0,,,,,,,0,0,0,0
Ohio,OH,2012,2007,ASHRAE,5,0,0,1,0,1,0,0,,,,,,,0,0,0,0
Ohio,OH,2013,2007,ASHRAE,5,0,0,1,0,1,0,0,,,,,,,0,0,0,0
Ohio,OH,2014,2007,ASHRAE,6,0,0,1,0,1,0,0,,,,,,,0,0,0,0
Ohio,OH,2015,2007,ASHRAE,8,0,0,1,0,1,0,0,,,,,,,0,0,0,0
Ohio,OH,2016,2007,ASHRAE,8,0,0,1,0,1,0,0,,,,,,,0,0,0,0
Ohio,OH,2017,2013,ASHRAE,3,0,0,1,0,1,0,0,,,,,,,0,0,0,0
Ohio,OH,2018,2013,ASHRAE,3,0,0,1,0,1,0,0,,,,,,,0,0,0,0
Ohio,OH,2019,2013,ASHRAE,3,0,0,1,0,1,0,0,,,,,,,0,0,0,0
Ohio,OH,2020,2013,ASHRAE,6,0,0,1,0,1,0,0,,,,,,,0,0,0,0
Ohio,OH,2021,2013,ASHRAE,6,0,0,1,0,1,0,0,,,,,,,0,0,0,0
Ohio,OH,2022,2013,ASHRAE,6,0,0,1,0,1,0,0,,,,,,,0,0,0,0
Ohio,OH,2023,2013,ASHRAE,9,0,0,1,0,1,0,0,,,,,,,0,0,0,0
Ohio,OH,2024,2019,ASHRAE,3,0,0,1,0,1,0,0,,,,,,,0,0,0,0
Ohio,OH,2025,2019,ASHRAE,3,0,0,1,0,1,0,0,,,,,,,0,0,0,0
Oklahoma,OK,2010,,,,0,0,0,0,0,0,0,,,,,,,0,0,0,0
Oklahoma,OK,2011,,,,0,0,0,0,0,0,0,,,,,,,0,0,0,0
Oklahoma,OK,2012,,,,0,0,0,0,0,0,0,,,,,,,0,0,0,0
Oklahoma,OK,2013,,,,0,0,0,0,0,0,0,,,,,,,0,0,0,0
Oklahoma,OK,2014,,,,0,0,0,0,0,0,0,,,,,,,0,0,0,0
Oklahoma,OK,2015,,,,0,0,0,0,0,0,0,,,,,,,0,0,0,0
Oklahoma,OK,2016,,,,0,0,0,0,0,0,0,,,,,,,0,0,0,0
Oklahoma,OK,2017,,,,0,0,0,0,0,0,0,,,,,,,0,0,0,0
Oklahoma,OK,2018,,,,0,0,0,0,0,0,0,,,,,,,0,0,0,0
Oklahoma,OK,2019,,,,0,0,0,0,0,0,0,,,,,,,0,0,0,0
Oklahoma,OK,2020,,,,0,0,0,0,0,0,0,,,,,,,0,0,0,0
Oklahoma,OK,2021,,,,0,0,0,0,0,0,0,,,,,,,0,0,0,0
Oklahoma,OK,2022,2006,IECC,13,0,0,0,0,0,0,0,,,,,,,0,0,0,0
Oklahoma,OK,2023,2006,IECC,16,0,0,0,0,0,0,0,,,,,,,0,0,0,0
Oklahoma,OK,2024,2006,IECC,16,0,0,0,0,0,0,0,,,,,,,0,0,0,0
Oklahoma,OK,2025,2006,IECC,16,0,0,0,0,0,0,0,,,,,,,0,0,0,0
Oregon,OR,2010,,,,0,0,0,1,0,0,0,2023,2028,Energy Performance Standards,HB 3409,,,0,0,0,0
Oregon,OR,2011,2010,ASHRAE,0,0,0,0,1,0,0,0,2023,2028,Energy Performance Standards,HB 3409,,,0,0,0,0
Oregon,OR,2012,2010,ASHRAE,2,0,0,0,1,0,0,0,2023,2028,Energy Performance Standards,HB 3409,,,0,0,0,0
Oregon,OR,2013,2010,ASHRAE,2,0,0,0,1,0,0,0,2023,2028,Energy Performance Standards,HB 3409,,,0,0,0,0
Oregon,OR,2014,2010,ASHRAE,3,0,0,0,1,0,0,0,2023,2028,Energy Performance Standards,HB 3409,,,0,0,0,0
Oregon,OR,2015,2010,ASHRAE,5,0,0,0,1,0,0,0,2023,2028,Energy Performance Standards,HB 3409,,,0,1,0,1
Oregon,OR,2016,2010,ASHRAE,5,0,0,0,1,0,0,0,2023,2028,Energy Performance Standards,HB 3409,,,0,1,0,1
Oregon,OR,2017,2013,ASHRAE,3,0,0,0,1,0,0,0,2023,2028,Energy Performance Standards,HB 3409,,,0,1,0,1
Oregon,OR,2018,2013,ASHRAE,3,0,0,0,1,0,0,0,2023,2028,Energy Performance Standards,HB 3409,,,0,1,0,1
Oregon,OR,2019,2013,ASHRAE,3,0,0,0,1,0,0,0,2023,2028,Energy Performance Standards,HB 3409,,,0,1,0,1
Oregon,OR,2020,2013,ASHRAE,6,0,0,0,1,0,0,0,2023,2028,Energy Performance Standards,HB 3409,,,0,1,0,1
Oregon,OR,2021,2019,ASHRAE,0,0,0,0,1,0,0,0,2023,2028,Energy Performance Standards,HB 3409,,,0,1,0,1
Oregon,OR,2022,2019,ASHRAE,0,0,0,0,1,0,0,0,2023,2028,Energy Performance Standards,HB 3409,,,0,1,0,1
Oregon,OR,2023,2019,ASHRAE,3,0,0,0,1,0,1,0,2023,2028,Energy Performance Standards,HB 3409,,,0,1,0,1
Oregon,OR,2024,2019,ASHRAE,3,0,0,0,1,0,1,0,2023,2028,Energy Performance Standards,HB 3409,,,0,1,0,1
Oregon,OR,2025,2022,ASHRAE,0,0,0,0,1,0,1,0,2023,2028,Energy Performance Standards,HB 3409,,,0,1,0,1
Pennsylvania,PA,2010,2009,IECC,0,0,0,0,0,0,0,0,,,,,,,0,0,0,0
Pennsylvania,PA,2011,2009,IECC,1,0,0,0,0,0,0,0,,,,,,,0,0,0,0
Pennsylvania,PA,2012,2009,IECC,3,0,0,0,0,0,0,0,,,,,,,0,1,0,1
Pennsylvania,PA,2013,2009,IECC,3,0,0,0,0,0,0,0,,,,,,,0,1,0,1
Pennsylvania,PA,2014,2009,IECC,4,0,0,0,0,0,0,0,,,,,,,0,1,0,1
Pennsylvania,PA,2015,2009,IECC,6,0,0,0,0,0,0,0,,,,,,,0,1,0,1
Pennsylvania,PA,2016,2013,ASHRAE,2,0,0,0,0,0,0,0,,,,,,,0,2,0,1
Pennsylvania,PA,2017,2013,ASHRAE,3,0,0,0,0,0,0,0,,,,,,,0,2,0,1
Pennsylvania,PA,2018,2013,ASHRAE,3,0,0,0,0,0,0,0,,,,,,,0,2,0,1
Pennsylvania,PA,2019,2013,ASHRAE,3,0,0,0,0,0,0,0,,,,,,,0,2,0,1
Pennsylvania,PA,2020,2013,ASHRAE,6,0,0,0,0,0,0,0,,,,,,,0,2,0,1
Pennsylvania,PA,2021,2013,ASHRAE,6,0,0,0,0,0,0,0,,,,,,,0,2,0,1
Pennsylvania,PA,2022,2016,ASHRAE,3,0,0,0,0,0,0,0,,,,,,,0,2,0,1
Pennsylvania,PA,2023,2016,ASHRAE,6,0,0,0,0,0,0,0,,,,,,,0,2,0,1
Pennsylvania,PA,2024,2016,ASHRAE,6,0,0,0,0,0,0,0,,,,,,,0,2,0,1
Pennsylvania,PA,2025,2016,ASHRAE,6,0,0,0,0,0,0,0,,,,,,,0,2,0,1
Rhode Island,RI,2010,2007,ASHRAE,2,0,0,0,1,0,0,0,,,,,,,0,0,0,0
Rhode Island,RI,2011,2007,ASHRAE,3,0,0,0,1,0,0,0,,,,,,,0,0,0,0
Rhode Island,RI,2012,2007,ASHRAE,5,0,0,0,1,0,0,0,,,,,,,0,0,0,0
Rhode Island,RI,2013,2010,ASHRAE,2,0,0,0,1,0,0,0,,,,,,,0,0,0,0
Rhode Island,RI,2014,2010,ASHRAE,3,0,0,0,1,0,0,0,,,,,,,0,0,0,0
Rhode Island,RI,2015,2010,ASHRAE,5,0,0,0,1,0,0,0,,,,,,,0,0,0,0
Rhode Island,RI,2016,2010,ASHRAE,5,0,0,0,1,0,0,0,,,,,,,0,0,0,0
Rhode Island,RI,2017,2010,ASHRAE,6,0,0,0,1,0,0,0,,,,,,,0,0,0,0
Rhode Island,RI,2018,2010,ASHRAE,6,0,0,0,1,0,0,0,,,,,,,0,0,0,0
Rhode Island,RI,2019,2010,ASHRAE,6,0,0,0,1,0,0,0,,,,,,,0,0,0,0
Rhode Island,RI,2020,2010,ASHRAE,9,0,0,0,1,0,0,0,,,,,,,0,0,0,0
Rhode Island,RI,2021,2010,ASHRAE,9,0,0,0,1,0,0,0,,,,,,,0,0,0,0
Rhode Island,RI,2022,2010,ASHRAE,9,0,0,0,1,0,0,0,,,,,,,0,0,0,0
Rhode Island,RI,2023,2010,ASHRAE,12,0,0,0,1,0,0,0,,,,,,,0,0,0,0
Rhode Island,RI,2024,2010,ASHRAE,12,0,0,0,1,0,0,0,,,,,,,0,0,0,0
Rhode Island,RI,2025,2022,ASHRAE,0,0,0,0,1,0,0,0,,,,,,,0,0,0,0
South Carolina,SC,2010,2006,IECC,3,0,0,0,0,0,0,0,,,,,,,0,0,0,0
South Carolina,SC,2011,2006,IECC,4,0,0,0,0,0,0,0,,,,,,,0,0,0,0
South Carolina,SC,2012,2006,IECC,6,0,0,0,0,0,0,0,,,,,,,0,0,0,0
South Carolina,SC,2013,2007,ASHRAE,5,0,0,0,0,0,0,0,,,,,,,0,0,0,0
South Carolina,SC,2014,2007,ASHRAE,6,0,0,0,0,0,0,0,,,,,,,0,0,0,0
South Carolina,SC,2015,2007,ASHRAE,8,0,0,0,0,0,0,0,,,,,,,0,0,0,0
South Carolina,SC,2016,2007,ASHRAE,8,0,0,0,0,0,0,0,,,,,,,0,0,0,0
South Carolina,SC,2017,2007,ASHRAE,9,0,0,0,0,0,0,0,,,,,,,0,0,0,0
South Carolina,SC,2018,2007,ASHRAE,9,0,0,0,0,0,0,0,,,,,,,0,0,0,0
South Carolina,SC,2019,2007,ASHRAE,9,0,0,0,0,0,0,0,,,,,,,0,0,0,0
South Carolina,SC,2020,2007,ASHRAE,12,0,0,0,0,0,0,0,,,,,,,0,0,0,0
South Carolina,SC,2021,2007,ASHRAE,12,0,0,0,0,0,0,0,,,,,,,0,0,0,0
South Carolina,SC,2022,2007,ASHRAE,12,0,0,0,0,0,0,0,,,,,,,0,0,0,0
South Carolina,SC,2023,2007,ASHRAE,15,0,0,0,0,0,0,0,,,,,,,0,0,0,0
South Carolina,SC,2024,2007,ASHRAE,15,0,0,0,0,0,0,0,,,,,,,0,0,0,0
South Carolina,SC,2025,2007,ASHRAE,15,0,0,0,0,0,0,0,,,,,,,0,0,0,0
South Dakota,SD,2010,,,,1,1,0,0,0,0,0,,,,,,,0,0,0,0
South Dakota,SD,2011,,,,1,1,0,0,0,0,0,,,,,,,0,0,0,0
South Dakota,SD,2012,,,,1,1,0,0,0,0,0,,,,,,,0,0,0,0
South Dakota,SD,2013,,,,1,1,0,0,0,0,0,,,,,,,0,0,0,0
South Dakota,SD,2014,,,,1,1,0,0,0,0,0,,,,,,,0,0,0,0
South Dakota,SD,2015,,,,1,1,0,0,0,0,0,,,,,,,0,0,0,0
South Dakota,SD,2016,,,,1,1,0,0,0,0,0,,,,,,,0,0,0,0
South Dakota,SD,2017,,,,1,1,0,0,0,0,0,,,,,,,0,0,0,0
South Dakota,SD,2018,,,,1,1,0,0,0,0,0,,,,,,,0,0,0,0
South Dakota,SD,2019,,,,1,1,0,0,0,0,0,,,,,,,0,0,0,0
South Dakota,SD,2020,,,,1,1,0,0,0,0,0,,,,,,,0,0,0,0
South Dakota,SD,2021,,,,1,1,0,0,0,0,0,,,,,,,0,0,0,0
South Dakota,SD,2022,,,,1,1,0,0,0,0,0,,,,,,,0,0,0,0
South Dakota,SD,2023,,,,1,1,0,0,0,0,0,,,,,,,0,0,0,0
South Dakota,SD,2024,,,,1,1,0,0,0,0,0,,,,,,,0,0,0,0
South Dakota,SD,2025,,,,1,1,0,0,0,0,0,,,,,,,0,0,0,0
Tennessee,TN,2010,,,,0,1,1,0,0,0,0,,,,,,,0,0,0,0
Tennessee,TN,2011,,,,0,1,1,0,0,0,0,,,,,,,0,0,0,0
Tennessee,TN,2012,,,,0,1,1,0,0,0,0,,,,,,,0,0,0,0
Tennessee,TN,2013,,,,0,1,1,0,0,0,0,,,,,,,0,0,0,0
Tennessee,TN,2014,,,,0,1,1,0,0,0,0,,,,,,,0,0,0,0
Tennessee,TN,2015,,,,0,1,1,0,0,0,0,,,,,,,0,0,0,0
Tennessee,TN,2016,,,,0,1,1,0,0,0,0,,,,,,,0,0,0,0
Tennessee,TN,2017,,,,0,1,1,0,0,0,0,,,,,,,0,0,0,0
Tennessee,TN,2018,,,,0,1,1,0,0,0,0,,,,,,,0,0,0,0
Tennessee,TN,2019,,,,0,1,1,0,0,0,0,,,,,,,0,0,0,0
Tennessee,TN,2020,2018,IECC,1,0,1,1,0,0,0,0,,,,,,,0,0,0,0
Tennessee,TN,2021,2018,IECC,1,0,1,1,0,0,0,0,,,,,,,0,0,0,0
Tennessee,TN,2022,2018,IECC,1,0,1,1,0,0,0,0,,,,,,,0,0,0,0
Tennessee,TN,2023,2018,IECC,4,0,1,1,0,0,0,0,,,,,,,0,0,0,0
Tennessee,TN,2024,2018,IECC,4,0,1,1,0,0,0,0,,,,,,,0,0,0,0
Tennessee,TN,2025,2021,IECC,1,0,1,1,0,0,0,0,,,,,,,0,0,0,0
Texas,TX,2010,2000,IECC,9,0,0,0,0,0,0,0,,,,,,,0,1,0,1
Texas,TX,2011,2009,IECC,1,0,0,0,0,0,0,0,,,,,,,0,1,0,1
Texas,TX,2012,2009,IECC,3,0,0,0,0,0,0,0,,,,,,,0,1,0,1
Texas,TX,2013,2009,IECC,3,0,0,0,0,0,0,0,,,,,,,0,1,0,1
Texas,TX,2014,2009,IECC,4,0,0,0,0,0,0,0,,,,,,,0,1,0,1
Texas,TX,2015,2009,IECC,6,0,0,0,0,0,0,0,,,,,,,0,1,0,1
Texas,TX,2016,2013,ASHRAE,2,0,0,0,0,0,0,0,,,,,,,0,1,0,1
Texas,TX,2017,2013,ASHRAE,3,0,0,0,0,0,0,0,,,,,,,0,1,0,1
Texas,TX,2018,2013,ASHRAE,3,0,0,0,0,0,0,0,,,,,,,0,1,0,1
Texas,TX,2019,2013,ASHRAE,3,0,0,0,0,0,0,0,,,,,,,0,1,0,1
Texas,TX,2020,2013,ASHRAE,6,0,0,0,0,0,0,0,,,,,,,0,1,0,1
Texas,TX,2021,2013,ASHRAE,6,0,0,0,0,0,0,0,,,,,,,0,1,0,1
Texas,TX,2022,2013,ASHRAE,6,0,0,0,0,0,0,0,,,,,,,0,1,0,1
Texas,TX,2023,2013,ASHRAE,9,0,0,0,0,0,0,0,,,,,,,0,1,0,1
Texas,TX,2024,2013,ASHRAE,9,0,0,0,0,0,0,0,,,,,,,0,1,0,1
Texas,TX,2025,2013,ASHRAE,9,0,0,0,0,0,0,0,,,,,,,0,1,0,1
Utah,UT,2010,2007,ASHRAE,2,0,0,1,0,0,0,0,,,,,,,0,0,0,0
Utah,UT,2011,2007,ASHRAE,3,0,0,1,0,0,0,0,,,,,,,0,0,0,0
Utah,UT,2012,2007,ASHRAE,5,0,0,1,0,0,0,0,,,,,,,0,0,0,0
Utah,UT,2013,2007,ASHRAE,5,0,0,1,0,0,0,0,,,,,,,0,0,0,0
Utah,UT,2014,2007,ASHRAE,6,0,0,1,0,0,0,0,,,,,,,0,0,0,0
Utah,UT,2015,2010,ASHRAE,5,0,0,1,0,0,0,0,,,,,,,0,0,0,0
Utah,UT,2016,2010,ASHRAE,5,0,0,1,0,0,0,0,,,,,,,0,1,0,1
Utah,UT,2017,2010,ASHRAE,6,0,0,1,0,0,0,0,,,,,,,0,1,0,1
Utah,UT,2018,2010,ASHRAE,6,0,0,1,0,0,0,0,,,,,,,0,1,0,1
Utah,UT,2019,2010,ASHRAE,6,0,0,1,0,0,0,0,,,,,,,0,1,0,1
Utah,UT,2020,2010,ASHRAE,9,0,0,1,0,0,0,0,,,,,,,0,1,0,1
Utah,UT,2021,2010,ASHRAE,9,0,0,1,0,0,0,0,,,,,,,0,1,0,1
Utah,UT,2022,2010,ASHRAE,9,0,0,1,0,0,0,0,,,,,,,0,1,0,1
Utah,UT,2023,2019,ASHRAE,3,0,0,1,0,0,0,0,,,,,,,0,1,0,1
Utah,UT,2024,2019,ASHRAE,3,0,0,1,0,0,0,0,,,,,,,0,1,0,1
Utah,UT,2025,2019,ASHRAE,3,0,0,1,0,0,0,0,,,,,,,0,1,0,1
Virginia,VA,2010,2006,IECC,3,0,0,0,0,0,0,0,,,,,,,0,0,0,0
Virginia,VA,2011,2009,IECC,1,0,0,0,0,0,0,0,,,,,,,0,0,0,0
Virginia,VA,2012,2009,IECC,3,0,0,0,0,0,0,0,,,,,,,0,0,0,0
Virginia,VA,2013,2009,IECC,3,0,0,0,0,0,0,0,,,,,,,0,0,0,0
Virginia,VA,2014,2009,IECC,4,0,0,0,0,0,0,0,,,,,,,0,0,0,0
Virginia,VA,2015,2012,IECC,3,0,0,0,0,0,0,0,,,,,,,0,0,0,0
Virginia,VA,2016,2012,IECC,3,0,0,0,0,0,0,0,,,,,,,0,0,0,0
Virginia,VA,2017,2012,IECC,4,0,0,0,0,0,0,0,,,,,,,0,0,0,0
Virginia,VA,2018,2012,IECC,4,0,0,0,0,0,0,0,,,,,,,0,0,0,0
Virginia,VA,2019,2012,IECC,4,0,0,0,0,0,0,0,,,,,,,0,0,0,0
Virginia,VA,2020,2012,IECC,7,0,0,0,0,0,0,0,,,,,,,0,0,0,0
Virginia,VA,2021,2012,IECC,7,0,0,0,0,0,0,0,,,,,,,0,0,0,0
Virginia,VA,2022,2012,IECC,7,0,0,0,0,0,0,0,,,,,,,0,0,0,0
Virginia,VA,2023,2012,IECC,10,0,0,0,0,0,0,0,,,,,,,0,0,0,0
Virginia,VA,2024,2019,ASHRAE,3,0,0,0,0,0,0,0,,,,,,,0,0,0,0
Virginia,VA,2025,2019,ASHRAE,3,0,0,0,0,0,0,0,,,,,,,0,0,0,0
Vermont,VT,2010,2004,ASHRAE,5,0,0,0,0,0,0,0,,,,,,,0,0,0,0
Vermont,VT,2011,2004,ASHRAE,6,0,0,0,0,0,0,0,,,,,,,0,0,0,0
Vermont,VT,2012,2012,IECC,0,0,0,0,0,0,0,0,,,,,,,0,0,0,0
Vermont,VT,2013,2012,IECC,0,0,0,0,0,0,0,0,,,,,,,0,0,0,0
Vermont,VT,2014,2012,IECC,1,0,0,0,0,0,0,0,,,,,,,0,0,0,0
Vermont,VT,2015,2012,IECC,3,0,0,0,0,0,0,0,,,,,,,0,0,0,0
Vermont,VT,2016,2012,IECC,3,0,0,0,0,0,0,0,,,,,,,0,0,0,0
Vermont,VT,2017,2012,IECC,4,0,0,0,0,0,0,0,,,,,,,0,0,0,0
Vermont,VT,2018,2012,IECC,4,0,0,0,0,0,0,0,,,,,,,0,0,0,0
Vermont,VT,2019,2012,IECC,4,0,0,0,0,0,0,0,,,,,,,0,0,0,0
Vermont,VT,2020,2016,ASHRAE,3,0,0,0,0,0,0,0,,,,,,,0,0,0,0
Vermont,VT,2021,2016,ASHRAE,3,0,0,0,0,0,0,0,,,,,,,0,0,0,0
Vermont,VT,2022,2016,ASHRAE,3,0,0,0,0,0,0,0,,,,,,,0,0,0,0
Vermont,VT,2023,2016,ASHRAE,6,0,0,0,0,0,0,0,,,,,,,0,0,0,0
Vermont,VT,2024,2016,ASHRAE,6,0,0,0,0,0,0,0,,,,,,,0,0,0,0
Vermont,VT,2025,2016,ASHRAE,6,0,0,0,0,0,0,0,,,,,,,0,0,0,0
Washington,WA,2010,2004,ASHRAE,5,0,0,0,1,0,0,0,2019,2026,Clean Buildings Performance Standard,HB 1257,1.0,,0,1,0,1
Washington,WA,2011,2004,ASHRAE,6,0,0,0,1,0,0,0,2019,2026,Clean Buildings Performance Standard,HB 1257,1.0,,0,1,0,1
Washington,WA,2012,2004,ASHRAE,8,0,0,0,1,0,0,0,2019,2026,Clean Buildings Performance Standard,HB 1257,1.0,,0,1,0,1
Washington,WA,2013,2004,ASHRAE,8,0,0,0,1,0,0,0,2019,2026,Clean Buildings Performance Standard,HB 1257,1.0,,0,1,0,1
Washington,WA,2014,2004,ASHRAE,9,0,0,0,1,0,0,0,2019,2026,Clean Buildings Performance Standard,HB 1257,1.0,,0,1,0,1
Washington,WA,2015,2004,ASHRAE,11,0,0,0,1,0,0,0,2019,2026,Clean Buildings Performance Standard,HB 1257,1.0,,0,1,0,1
Washington,WA,2016,2004,ASHRAE,11,0,0,0,1,0,0,0,2019,2026,Clean Buildings Performance Standard,HB 1257,1.0,,0,1,0,1
Washington,WA,2017,2004,ASHRAE,12,0,0,0,1,0,0,0,2019,2026,Clean Buildings Performance Standard,HB 1257,1.0,,0,1,0,1
Washington,WA,2018,2004,ASHRAE,12,0,0,0,1,0,0,0,2019,2026,Clean Buildings Performance Standard,HB 1257,1.0,,0,1,0,1
Washington,WA,2019,2004,ASHRAE,12,0,0,0,1,0,1,0,2019,2026,Clean Buildings Performance Standard,HB 1257,1.0,,0,1,0,1
Washington,WA,2020,2004,ASHRAE,15,0,0,0,1,0,1,0,2019,2026,Clean Buildings Performance Standard,HB 1257,1.0,,0,1,0,1
Washington,WA,2021,2004,ASHRAE,15,0,0,0,1,0,1,0,2019,2026,Clean Buildings Performance Standard,HB 1257,1.0,,0,1,0,1
Washington,WA,2022,2004,ASHRAE,15,0,0,0,1,0,1,0,2019,2026,Clean Buildings Performance Standard,HB 1257,1.0,,0,1,0,1
Washington,WA,2023,2004,ASHRAE,18,0,0,0,1,0,1,0,2019,2026,Clean Buildings Performance Standard,HB 1257,1.0,,1,1,1,1
Washington,WA,2024,2019,ASHRAE,3,0,0,0,1,0,1,0,2019,2026,Clean Buildings Performance Standard,HB 1257,1.0,,1,1,1,1
Washington,WA,2025,2019,ASHRAE,3,0,0,0,1,0,1,0,2019,2026,Clean Buildings Performance Standard,HB 1257,1.0,,1,1,1,1
Wisconsin,WI,2010,2006,IECC,3,0,0,0,0,0,0,0,,,,,,,0,0,0,0
Wisconsin,WI,2011,2009,IECC,1,0,0,0,0,0,0,0,,,,,,,0,0,0,0
Wisconsin,WI,2012,2009,IECC,3,0,0,0,0,0,0,0,,,,,,,0,0,0,0
Wisconsin,WI,2013,2009,IECC,3,0,0,0,0,0,0,0,,,,,,,0,0,0,0
Wisconsin,WI,2014,2009,IECC,4,0,0,0,0,0,0,0,,,,,,,0,0,0,0
Wisconsin,WI,2015,2009,IECC,6,0,0,0,0,0,0,0,,,,,,,0,0,0,0
Wisconsin,WI,2016,2009,IECC,6,0,0,0,0,0,0,0,,,,,,,0,0,0,0
Wisconsin,WI,2017,2009,IECC,7,0,0,0,0,0,0,0,,,,,,,0,0,0,0
Wisconsin,WI,2018,2009,IECC,7,0,0,0,0,0,0,0,,,,,,,0,0,0,0
Wisconsin,WI,2019,2009,IECC,7,0,0,0,0,0,0,0,,,,,,,0,0,0,0
Wisconsin,WI,2020,2009,IECC,10,0,0,0,0,0,0,0,,,,,,,0,0,0,0
Wisconsin,WI,2021,2009,IECC,10,0,0,0,0,0,0,0,,,,,,,0,0,0,0
Wisconsin,WI,2022,2009,IECC,10,0,0,0,0,0,0,0,,,,,,,0,0,0,0
Wisconsin,WI,2023,2009,IECC,13,0,0,0,0,0,0,0,,,,,,,0,0,0,0
Wisconsin,WI,2024,2009,IECC,13,0,0,0,0,0,0,0,,,,,,,0,0,0,0
Wisconsin,WI,2025,2019,ASHRAE,3,0,0,0,0,0,0,0,,,,,,,0,0,0,0
West Virginia,WV,2010,2007,ASHRAE,2,0,1,0,0,0,0,0,,,,,,,0,0,0,0
West Virginia,WV,2011,2007,ASHRAE,3,0,1,0,0,0,0,0,,,,,,,0,0,0,0
West Virginia,WV,2012,2007,ASHRAE,5,0,1,0,0,0,0,0,,,,,,,0,0,0,0
West Virginia,WV,2013,2007,ASHRAE,5,0,1,0,0,0,0,0,,,,,,,0,0,0,0
West Virginia,WV,2014,2007,ASHRAE,6,0,1,0,0,0,0,0,,,,,,,0,0,0,0
West Virginia,WV,2015,2007,ASHRAE,8,0,1,0,0,0,0,0,,,,,,,0,0,0,0
West Virginia,WV,2016,2007,ASHRAE,8,0,1,0,0,0,0,0,,,,,,,0,0,0,0
West Virginia,WV,2017,2007,ASHRAE,9,0,1,0,0,0,0,0,,,,,,,0,0,0,0
West Virginia,WV,2018,2007,ASHRAE,9,0,1,0,0,0,0,0,,,,,,,0,0,0,0
West Virginia,WV,2019,2007,ASHRAE,9,0,1,0,0,0,0,0,,,,,,,0,0,0,0
West Virginia,WV,2020,2007,ASHRAE,12,0,1,0,0,0,0,0,,,,,,,0,0,0,0
West Virginia,WV,2021,2007,ASHRAE,12,0,1,0,0,0,0,0,,,,,,,0,0,0,0
West Virginia,WV,2022,2013,ASHRAE,6,0,1,0,0,0,0,0,,,,,,,0,0,0,0
West Virginia,WV,2023,2013,ASHRAE,9,0,1,0,0,0,0,0,,,,,,,0,0,0,0
West Virginia,WV,2024,2013,ASHRAE,9,0,1,0,0,0,0,0,,,,,,,0,0,0,0
West Virginia,WV,2025,2013,ASHRAE,9,0,1,0,0,0,0,0,,,,,,,0,0,0,0
Wyoming,WY,2010,,,,0,0,0,0,0,0,0,,,,,,,0,0,0,0
Wyoming,WY,2011,,,,0,0,0,0,0,0,0,,,,,,,0,0,0,0
Wyoming,WY,2012,,,,0,0,0,0,0,0,0,,,,,,,0,0,0,0
Wyoming,WY,2013,,,,0,0,0,0,0,0,0,,,,,,,0,0,0,0
Wyoming,WY,2014,,,,0,0,0,0,0,0,0,,,,,,,0,0,0,0
Wyoming,WY,2015,,,,0,0,0,0,0,0,0,,,,,,,0,0,0,0
Wyoming,WY,2016,,,,0,0,0,0,0,0,0,,,,,,,0,0,0,0
Wyoming,WY,2017,,,,0,0,0,0,0,0,0,,,,,,,0,0,0,0
Wyoming,WY,2018,,,,0,0,0,0,0,0,0,,,,,,,0,0,0,0
Wyoming,WY,2019,,,,0,0,0,0,0,0,0,,,,,,,0,0,0,0
Wyoming,WY,2020,,,,0,0,0,0,0,0,0,,,,,,,0,0,0,0
Wyoming,WY,2021,,,,0,0,0,0,0,0,0,,,,,,,0,0,0,0
Wyoming,WY,2022,,,,0,0,0,0,0,0,0,,,,,,,0,0,0,0
Wyoming,WY,2023,,,,0,0,0,0,0,0,0,,,,,,,0,0,0,0
Wyoming,WY,2024,,,,0,0,0,0,0,0,0,,,,,,,0,0,0,0
Wyoming,WY,2025,,,,0,0,0,0,0,0,0,,,,,,,0,0,0,0
